0.0000,-0.0000,0.0000,0.1594,0.0238,-0.2962
0.0109,0.0000,0.0000,0.1594,0.0238,-0.2962
0.2124,0.0000,0.0619,0.1538,0.0713,-0.2955
0.3356,0.0000,0.1975,0.1575,0.0713,-0.2944
0.4395,-0.0000,0.3943,0.1662,0.0713,-0.2932
0.5542,-0.0000,0.6489,0.1863,0.0714,-0.2877
0.6239,-0.0000,0.7246,0.2009,0.1190,-0.2812
0.6827,-0.0000,0.8149,0.2239,0.1190,-0.2740
0.7477,-0.0000,0.8269,0.2517,0.1667,-0.2612
0.7872,-0.0000,0.7829,0.2754,0.1667,-0.2525
0.8204,-0.0000,0.6133,0.2966,0.1667,-0.2413
0.8572,-0.0000,0.4703,0.3124,0.2145,-0.2287
0.8795,-0.0000,0.3779,0.3190,0.2623,-0.2178
0.8984,-0.0000,0.2994,0.3287,0.2623,-0.2088
0.9192,-0.0000,0.1556,0.3325,0.3102,-0.1948
0.9318,-0.0000,0.0458,0.3350,0.3102,-0.1851
0.9425,0.0000,-0.0452,0.3293,0.3582,-0.1764
0.9543,0.0000,-0.1292,0.3197,0.4062,-0.1642
0.9614,-0.0000,-0.1433,0.3157,0.4062,-0.1568
0.9674,-0.0000,-0.2325,0.3048,0.4543,-0.1482
0.9741,-0.0000,-0.2387,0.2955,0.4544,-0.1378
0.9782,-0.0000,-0.3034,0.2836,0.5025,-0.1323
0.9816,-0.0000,-0.3222,0.2695,0.5507,-0.1241
0.9853,-0.0000,-0.2439,0.2593,0.5507,-0.1154
0.9876,-0.0000,-0.3066,0.2475,0.5990,-0.1116
0.9896,0.0000,-0.3251,0.2337,0.6473,-0.1037
0.9917,0.0000,-0.2455,0.2234,0.6474,-0.0964
0.9930,-0.0000,-0.2335,0.2123,0.6957,-0.0940
0.9941,-0.0000,-0.2440,0.2015,0.7442,-0.0863
0.9953,0.0000,-0.2443,0.1920,0.7442,-0.0799
0.9960,-0.0000,-0.2340,0.1812,0.7927,-0.0788
0.9967,0.0000,-0.2446,0.1708,0.8412,-0.0717
0.9973,0.0000,-0.2448,0.1612,0.8413,-0.0664
0.9978,-0.0000,-0.2344,0.1508,0.8899,-0.0664
0.9981,-0.0000,-0.1702,0.1410,0.9385,-0.0602
0.9985,0.0000,-0.1398,0.1349,0.9386,-0.0553
0.9987,-0.0000,-0.1494,0.1279,0.9873,-0.0557
0.9989,0.0000,-0.1652,0.1193,1.0360,-0.0503
0.9991,-0.0000,-0.1396,0.1109,1.0847,-0.0457
0.9993,-0.0000,-0.1494,0.1067,1.0848,-0.0468
0.9994,0.0000,-0.1389,0.1000,1.1336,-0.0424
0.9995,-0.0000,-0.1389,0.0922,1.1824,-0.0380
0.9996,-0.0000,-0.1493,0.0880,1.1825,-0.0394
0.9997,0.0000,-0.1389,0.0818,1.2314,-0.0366
0.9997,0.0000,-0.1389,0.0743,1.2803,-0.0322
0.9998,0.0000,-0.0480,0.0720,1.2804,-0.0335
0.9998,-0.0000,-0.0539,0.0691,1.3293,-0.0322
0.9998,0.0000,-0.0533,0.0659,1.3782,-0.0267
0.9999,0.0000,-0.0803,0.0642,1.3783,-0.0274
0.9999,0.0000,-0.0575,0.0605,1.4273,-0.0286
0.9999,-0.0000,-0.0433,0.0575,1.4763,-0.0224
0.9999,-0.0000,-0.0533,0.0562,1.4764,-0.0223
0.9999,0.0000,-0.0428,0.0539,1.5254,-0.0261
1.0000,0.0000,-0.0428,0.0514,1.5744,-0.0189
1.0000,0.0000,-0.0533,0.0501,1.5745,-0.0175
1.0000,0.0000,-0.0428,0.0482,1.6235,-0.0248
1.0000,-0.0000,-0.0428,0.0461,1.6726,-0.0167
1.0000,-0.0000,-0.0533,0.0447,1.6726,-0.0132
1.0000,0.0000,-0.1177,0.0429,1.7217,-0.0245
1.0000,0.0000,-0.0733,0.0379,1.7708,-0.0161
1.0000,-0.0000,-0.0554,0.0363,1.7708,-0.0100
1.0000,0.0000,-0.0431,0.0350,1.8199,-0.0253
1.0000,-0.0000,-0.0429,0.0336,1.8690,-0.0164
1.0000,0.0000,-0.0268,0.0339,1.8690,-0.0065
1.0000,0.0000,-0.1160,0.0330,1.9181,-0.0235
1.0000,-0.0000,-0.0732,0.0284,1.9672,-0.0173
1.0000,-0.0000,0.0460,0.0287,1.9672,-0.0037
1.0000,-0.0000,0.0420,0.0307,2.0163,-0.0213
1.0000,-0.0000,-0.0671,0.0285,2.0653,-0.0188
1.0000,0.0000,0.0467,0.0288,2.0654,-0.0004
1.0000,0.0000,0.0421,0.0309,2.1144,0.0194
1.0000,0.0000,-0.1419,0.0284,2.1634,0.0207
1.0000,-0.0000,-0.2394,0.0227,2.2124,0.0024
1.0000,-0.0000,-0.2343,0.0155,2.2124,0.0175
1.0000,0.0000,-0.1516,0.0094,2.2614,0.0225
1.0000,-0.0000,-0.2406,0.0036,2.3104,0.0035
1.0000,0.0000,-0.2345,-0.0036,2.3104,-0.0155
1.0000,-0.0000,-0.0503,-0.0078,2.3593,-0.0245
1.0000,-0.0000,0.1954,-0.0054,2.4082,-0.0060
1.0000,-0.0000,0.2308,0.0013,2.4083,-0.0134
1.0000,-0.0000,0.0500,0.0065,2.4572,-0.0222
1.0000,-0.0000,0.0541,0.0084,2.5060,0.0078
1.0000,-0.0000,0.0695,0.0116,2.5060,0.0111
1.0000,-0.0000,-0.1410,0.0094,2.5548,0.0199
1.0000,-0.0000,-0.1379,0.0055,2.6036,0.0102
1.0000,-0.0000,-0.1492,0.0013,2.6036,0.0086
1.0000,-0.0000,-0.0745,-0.0038,2.6523,-0.0173
1.0000,-0.0000,0.0193,-0.0048,2.7010,-0.0127
1.0000,-0.0000,0.1415,-0.0017,2.7011,-0.0060
1.0000,0.0000,0.0739,0.0042,2.7497,0.0146
1.0000,-0.0000,-0.0194,0.0060,2.7982,0.0154
1.0000,-0.0000,-0.1416,0.0029,2.7983,0.0033
1.0000,0.0000,-0.0740,-0.0022,2.8469,-0.0118
1.0000,-0.0000,0.0194,-0.0034,2.8954,-0.0182
1.0000,0.0000,0.1416,-0.0004,2.8955,-0.0006
1.0000,0.0000,0.0740,0.0051,2.9440,0.0090
1.0000,-0.0000,-0.0194,0.0064,2.9926,0.0210
1.0000,0.0000,-0.1151,0.0047,3.0412,0.0026
1.0000,0.0000,-0.0731,-0.0005,3.0413,0.0062
1.0000,0.0000,-0.0554,-0.0025,3.0899,-0.0238
1.0000,-0.0000,-0.0431,-0.0047,3.1386,-0.0051
1.0000,0.0000,0.0670,-0.0019,3.1386,-0.0037
1.0000,-0.0000,0.0547,-0.0011,3.1874,-0.0225
1.0000,-0.0000,0.1179,-0.0001,3.2362,-0.0075
1.0000,0.0000,0.0734,0.0051,3.2363,0.0015
1.0000,-0.0000,-0.0195,0.0055,3.2852,0.0204
1.0000,-0.0000,-0.1151,0.0029,3.3342,0.0097
1.0000,0.0000,-0.0731,-0.0035,3.3834,0.0005
1.0000,0.0000,0.0195,-0.0049,3.3834,-0.0188
1.0000,0.0000,0.1151,-0.0049,3.4327,-0.0112
1.0000,0.0000,0.1480,-0.0010,3.4821,0.0019
1.0000,0.0000,0.1387,0.0034,3.4822,0.0177
1.0000,0.0000,-0.1002,0.0026,3.5317,0.0124
1.0000,0.0000,-0.1473,-0.0045,3.5815,0.0026
1.0000,-0.0000,-0.1386,-0.0089,3.5816,-0.0173
1.0000,-0.0000,0.1003,-0.0117,3.6315,-0.0128
1.0000,-0.0000,0.1473,-0.0086,3.6816,-0.0030
1.0000,0.0000,0.1386,-0.0042,3.6817,-0.0176
1.0000,-0.0000,0.1228,-0.0039,3.7319,-0.0125
1.0000,0.0000,0.1485,-0.0011,3.7822,-0.0021
1.0000,-0.0000,0.1388,0.0033,3.7824,0.0183
1.0000,0.0000,0.0480,0.0025,3.8327,0.0117
1.0000,0.0000,-0.1415,-0.0039,3.8831,0.0012
1.0000,0.0000,-0.1380,-0.0082,3.8834,-0.0194
1.0000,0.0000,0.1004,-0.0131,3.9337,-0.0107
1.0000,0.0000,0.1473,-0.0122,3.9840,-0.0019
1.0000,-0.0000,0.1386,-0.0078,3.9845,-0.0206
1.0000,-0.0000,0.1228,-0.0100,4.0345,-0.0097
1.0000,-0.0000,0.1485,-0.0046,4.0355,-0.0020
1.0000,0.0000,0.1388,-0.0054,4.0855,-0.0214
1.0000,-0.0000,0.1228,-0.0081,4.1325,-0.0088
1.0000,-0.0000,0.1485,-0.0035,4.1399,-0.0023
1.0000,-0.0000,0.1388,-0.0051,4.1888,-0.0218
1.0000,-0.0000,0.1228,-0.0084,4.2341,-0.0083
1.0000,0.0000,0.1486,-0.0035,4.2382,-0.0023
1.0000,0.0000,0.1388,-0.0058,4.2858,-0.0215
1.0000,0.0000,0.1228,-0.0107,4.3351,-0.0086
1.0000,0.0000,0.1486,-0.0053,4.3357,-0.0020
1.0000,-0.0000,0.1388,-0.0088,4.3848,-0.0204
1.0000,-0.0000,0.1228,-0.0147,4.4338,-0.0099
1.0000,0.0000,0.2319,-0.0151,4.4827,-0.0023
1.0000,0.0000,0.1436,-0.0100,4.4827,-0.0182
1.0000,-0.0000,0.1234,-0.0168,4.5312,-0.0122
1.0000,-0.0000,0.1486,-0.0212,4.5794,-0.0048
1.0000,-0.0000,0.1388,-0.0168,4.5795,-0.0150
1.0000,-0.0000,0.1493,-0.0230,4.6274,-0.0160
1.0000,0.0000,0.1494,-0.0276,4.6751,-0.0092
1.0000,-0.0000,0.2403,-0.0213,4.6751,-0.0116
1.0000,0.0000,0.2344,-0.0244,4.7226,-0.0208
1.0000,0.0000,0.1516,-0.0280,4.7699,-0.0141
1.0000,0.0000,0.2406,-0.0216,4.7699,-0.0087
1.0000,-0.0000,0.2345,-0.0244,4.8171,-0.0233
1.0000,0.0000,0.1517,-0.0277,4.8641,-0.0198
1.0000,0.0000,0.2406,-0.0310,4.9111,-0.0090
1.0000,0.0000,0.2345,-0.0238,4.9111,-0.0187
1.0000,0.0000,0.2350,-0.0237,4.9581,-0.0253
1.0000,0.0000,0.2455,-0.0260,5.0051,-0.0121
1.0000,0.0000,0.2615,-0.0170,5.0051,-0.0145
1.0000,0.0000,0.2358,-0.0163,5.0521,-0.0202
1.0000,0.0000,0.2191,-0.0198,5.0992,-0.0163
1.0000,0.0000,0.2333,-0.0128,5.0992,-0.0116
1.0000,-0.0000,0.2349,-0.0119,5.1463,-0.0161
1.0000,0.0000,0.1441,-0.0152,5.1936,-0.0210
1.0000,-0.0000,0.1500,-0.0192,5.2411,-0.0113
1.0000,-0.0000,0.2328,-0.0104,5.2411,-0.0135
1.0000,0.0000,0.1438,-0.0132,5.2888,-0.0256
1.0000,-0.0000,0.1499,-0.0167,5.3367,-0.0130
1.0000,0.0000,0.2327,-0.0079,5.3367,-0.0125
1.0000,-0.0000,0.1438,-0.0102,5.3848,-0.0247
1.0000,0.0000,0.1499,-0.0131,5.4332,-0.0150
1.0000,0.0000,0.2327,-0.0043,5.4332,-0.0123
1.0000,0.0000,0.1438,-0.0060,5.4820,-0.0226
1.0000,0.0000,0.1499,-0.0083,5.5308,-0.0165
1.0000,-0.0000,0.2327,-0.0058,5.5798,-0.0124
1.0000,0.0000,0.1438,-0.0006,5.5798,-0.0212
1.0000,0.0000,0.1499,-0.0040,5.6288,-0.0178
1.0000,0.0000,0.1494,-0.0078,5.6777,-0.0136
1.0000,-0.0000,0.1389,-0.0033,5.6777,-0.0208
1.0000,-0.0000,0.1494,-0.0105,5.7264,-0.0206
1.0000,0.0000,0.1494,-0.0181,5.7748,-0.0171
1.0000,-0.0000,0.2403,-0.0118,5.7748,-0.0217
1.0000,0.0000,0.2344,-0.0198,5.8229,-0.0250
1.0000,0.0000,0.2350,-0.0275,5.8706,-0.0221
1.0000,-0.0000,0.2455,-0.0204,5.8706,-0.0242
1.0000,-0.0000,0.2615,-0.0307,5.9178,-0.0314
1.0000,0.0000,0.3107,-0.0418,5.9644,-0.0299
1.0000,0.0000,0.4038,-0.0317,5.9644,-0.0300
1.0000,-0.0000,0.4246,-0.0423,6.0105,-0.0387
1.0000,-0.0000,0.3437,-0.0535,6.0560,-0.0401
1.0000,-0.0000,0.5061,-0.0678,6.1010,-0.0394
1.0000,-0.0000,0.5321,-0.0522,6.1010,-0.0454
1.0000,0.0000,0.6169,-0.0580,6.1453,-0.0519
1.0000,-0.0000,0.6030,-0.0732,6.1891,-0.0514
1.0000,-0.0000,0.6925,-0.0544,6.1891,-0.0558
1.0000,-0.0000,0.6498,-0.0608,6.2324,-0.0628
1.0000,-0.0000,0.6320,-0.0791,6.2754,-0.0671
1.0000,0.0000,0.7211,-0.0583,6.2754,-0.0715
1.0000,0.0000,0.8090,-0.0664,6.3180,-0.0798
1.0000,0.0000,0.8217,-0.0848,6.3604,-0.0865
1.0000,-0.0000,0.9129,-0.0583,6.3604,-0.0914
1.0000,0.0000,1.0012,-0.0647,6.4029,-0.1005
1.0000,0.0000,0.9874,-0.0854,6.4456,-0.1078
1.0000,-0.0000,1.0769,-0.0550,6.4456,-0.1137
1.0000,-0.0000,1.1924,-0.0609,6.4886,-0.1233
1.0000,0.0000,1.1794,-0.0832,6.5322,-0.1294
1.0000,-0.0000,1.1942,-0.0473,6.5322,-0.1354
1.0000,0.0000,1.1959,-0.0596,6.5764,-0.1447
1.0000,0.0000,1.2064,-0.0876,6.6214,-0.1493
1.0000,-0.0000,1.1960,-0.0515,6.6214,-0.1553
1.0000,0.0000,1.1960,-0.0688,6.6671,-0.1631
1.0000,-0.0000,1.2065,-0.0949,6.7136,-0.1664
1.0000,-0.0000,1.1960,-0.0588,6.7136,-0.1720
1.0000,-0.0000,1.1960,-0.0688,6.7609,-0.1764
1.0000,-0.0000,1.2065,-0.0329,6.7609,-0.1790
1.0000,0.0000,1.1960,-0.0506,6.8089,-0.1828
1.0000,-0.0000,1.1960,-0.0520,6.8576,-0.1842
1.0000,0.0000,1.2065,-0.0160,6.8576,-0.1855
1.0000,0.0000,1.1960,-0.0248,6.9069,-0.1862
1.0000,0.0000,1.1960,-0.0171,6.9567,-0.1850
1.0000,0.0000,1.2065,0.0188,6.9567,-0.1847
1.0000,-0.0000,1.1960,0.0190,7.0071,-0.1817
1.0000,0.0000,1.1960,0.0670,7.0071,-0.1774
1.0000,-0.0000,1.1316,0.0710,7.0577,-0.1752
1.0000,0.0000,1.0113,0.0748,7.1087,-0.1690
1.0000,0.0000,1.0043,0.1153,7.1087,-0.1626
1.0000,0.0000,0.9130,0.1198,7.1598,-0.1579
1.0000,-0.0000,0.6692,0.1438,7.1598,-0.1510
1.0000,-0.0000,0.6216,0.1492,7.2110,-0.1442
1.0000,0.0000,0.5289,0.1494,7.2621,-0.1384
1.0000,0.0000,0.4331,0.1634,7.2621,-0.1320
1.0000,-0.0000,0.2694,0.1642,7.3131,-0.1254
1.0000,0.0000,0.2482,0.1615,7.3638,-0.1189
1.0000,-0.0000,0.2354,0.1689,7.3638,-0.1129
1.0000,0.0000,0.0769,0.1681,7.4141,-0.1066
1.0000,-0.0000,0.0559,0.1656,7.4643,-0.0996
1.0000,0.0000,0.0432,0.1672,7.4643,-0.0941
1.0000,0.0000,0.0429,0.1677,7.5141,-0.0883
1.0000,-0.0000,-0.0481,0.1685,7.5637,-0.0807
1.0000,0.0000,-0.1171,0.1667,7.5637,-0.0756
1.0000,-0.0000,-0.1482,0.1652,7.6131,-0.0711
1.0000,0.0000,-0.2136,0.1648,7.6623,-0.0639
1.0000,-0.0000,-0.2327,0.1578,7.6623,-0.0597
1.0000,0.0000,-0.2348,0.1524,7.7113,-0.0566
1.0000,-0.0000,-0.2454,0.1492,7.7601,-0.0504
1.0000,-0.0000,-0.3099,0.1416,7.7601,-0.0463
1.0000,-0.0000,-0.3404,0.1323,7.8088,-0.0446
1.0000,0.0000,-0.3309,0.1257,7.8574,-0.0404
1.0000,0.0000,-0.2402,0.1176,7.8574,-0.0360
1.0000,-0.0000,-0.2354,0.1114,7.9059,-0.0349
1.0000,0.0000,-0.2455,0.1076,7.9542,-0.0330
1.0000,0.0000,-0.2350,0.1003,7.9542,-0.0268
1.0000,-0.0000,-0.2350,0.0937,8.0025,-0.0262
1.0000,-0.0000,-0.2455,0.0895,8.0508,-0.0286
1.0000,-0.0000,-0.2350,0.0850,8.0991,-0.0198
1.0000,-0.0000,-0.1517,0.0784,8.0991,-0.0188
1.0000,0.0000,-0.2406,0.0746,8.1473,-0.0270
1.0000,-0.0000,-0.2345,0.0697,8.1955,-0.0145
1.0000,0.0000,-0.1517,0.0631,8.1955,-0.0129
1.0000,-0.0000,-0.1657,0.0591,8.2438,-0.0252
1.0000,0.0000,-0.0763,0.0569,8.2921,-0.0121
1.0000,-0.0000,-0.1190,0.0543,8.2921,-0.0077
1.0000,-0.0000,-0.1368,0.0520,8.3405,-0.0206
1.0000,-0.0000,-0.0742,0.0496,8.3889,-0.0117
1.0000,0.0000,-0.1188,0.0484,8.4374,-0.0042
1.0000,-0.0000,-0.1368,0.0443,8.4374,-0.0168
1.0000,-0.0000,-0.0742,0.0415,8.4859,-0.0136
1.0000,-0.0000,-0.0439,0.0402,8.5346,-0.0049
1.0000,-0.0000,-0.0534,0.0388,8.5346,-0.0139
1.0000,-0.0000,-0.0694,0.0361,8.5832,0.0161
1.0000,0.0000,-0.1185,0.0336,8.6320,0.0075
1.0000,0.0000,-0.2381,0.0276,8.6320,0.0114
1.0000,0.0000,-0.2341,0.0198,8.6809,0.0186
1.0000,0.0000,-0.2349,0.0092,8.7298,-0.0098
1.0000,-0.0000,-0.1706,0.0023,8.7298,-0.0098
1.0000,-0.0000,0.0230,-0.0007,8.7788,-0.0210
1.0000,-0.0000,0.1166,-0.0008,8.8279,-0.0124
1.0000,-0.0000,0.1364,0.0033,8.8279,-0.0090
1.0000,-0.0000,0.0741,0.0047,8.8772,-0.0228
1.0000,-0.0000,0.1188,0.0041,8.9265,-0.0140
1.0000,0.0000,0.1368,0.0082,8.9265,-0.0083
1.0000,-0.0000,0.0477,0.0069,8.9759,-0.0243
1.0000,0.0000,0.1180,0.0051,9.0255,-0.0154
1.0000,0.0000,0.1366,0.0092,9.0255,-0.0087
1.0000,0.0000,0.0477,0.0069,9.0752,-0.0254
1.0000,-0.0000,0.1180,0.0040,9.1251,-0.0166
1.0000,0.0000,0.1366,0.0081,9.1251,-0.0102
1.0000,0.0000,0.0742,0.0065,9.1751,-0.0261
1.0000,0.0000,0.1188,0.0028,9.2252,-0.0176
1.0000,0.0000,0.1368,0.0070,9.2252,-0.0122
1.0000,-0.0000,0.0742,0.0043,9.2755,-0.0266
1.0000,0.0000,0.1188,-0.0003,9.3258,-0.0185
1.0000,-0.0000,0.1368,0.0038,9.3258,-0.0146
1.0000,-0.0000,0.0742,0.0001,9.3762,-0.0269
1.0000,-0.0000,0.1188,-0.0054,9.4266,-0.0192
1.0000,-0.0000,0.1633,0.0003,9.4266,-0.0163
1.0000,0.0000,0.1508,-0.0031,9.4771,-0.0267
1.0000,0.0000,0.1495,-0.0040,9.5275,-0.0188
1.0000,-0.0000,0.1654,0.0021,9.5275,-0.0163
1.0000,-0.0000,0.1511,0.0013,9.5779,-0.0254
1.0000,-0.0000,0.1495,0.0030,9.6282,-0.0169
1.0000,0.0000,0.1390,0.0074,9.6282,-0.0148
1.0000,0.0000,0.0745,0.0087,9.6784,-0.0235
1.0000,-0.0000,0.1188,0.0097,9.7285,-0.0143
1.0000,-0.0000,0.1368,0.0138,9.7285,-0.0121
1.0000,0.0000,0.0477,0.0159,9.7785,-0.0217
1.0000,0.0000,0.0431,0.0188,9.8283,-0.0117
1.0000,0.0000,0.0533,0.0202,9.8283,-0.0092
1.0000,-0.0000,0.0428,0.0240,9.8779,-0.0211
1.0000,0.0000,-0.0405,0.0263,9.9273,0.0117
1.0000,0.0000,-0.0264,0.0266,9.9273,0.0090
1.0000,0.0000,-0.2157,0.0269,9.9765,0.0228
1.0000,-0.0000,-0.1507,0.0264,10.0255,0.0154
1.0000,-0.0000,-0.3137,0.0189,10.0255,0.0120
1.0000,0.0000,-0.2385,0.0180,10.0742,0.0264
1.0000,0.0000,-0.1519,0.0197,10.1227,0.0205
1.0000,0.0000,-0.2407,0.0133,10.1227,0.0166
1.0000,0.0000,-0.2345,0.0156,10.1710,0.0285
1.0000,0.0000,-0.1517,0.0197,10.2192,0.0271
1.0000,0.0000,-0.2406,0.0134,10.2192,0.0225
1.0000,-0.0000,-0.2610,0.0165,10.2672,0.0306
1.0000,-0.0000,-0.3107,0.0197,10.3152,0.0335
1.0000,-0.0000,-0.3289,0.0240,10.3630,0.0273
1.0000,-0.0000,-0.3413,0.0140,10.3630,0.0317
1.0000,0.0000,-0.3415,0.0136,10.4108,0.0366
1.0000,-0.0000,-0.3311,0.0150,10.4586,0.0296
1.0000,0.0000,-0.3416,0.0050,10.4586,0.0306
1.0000,0.0000,-0.2667,0.0019,10.5064,0.0337
1.0000,-0.0000,-0.2478,0.0032,10.5542,0.0301
1.0000,0.0000,-0.2354,-0.0042,10.5542,0.0278
1.0000,0.0000,-0.2351,-0.0066,10.6020,0.0295
1.0000,-0.0000,-0.1441,-0.0062,10.6499,0.0297
1.0000,0.0000,-0.1500,-0.0105,10.6499,0.0239
1.0000,-0.0000,-0.2328,-0.0151,10.6978,0.0237
1.0000,0.0000,-0.1438,-0.0178,10.7459,0.0284
1.0000,-0.0000,-0.1499,-0.0210,10.7941,0.0178
1.0000,0.0000,-0.0745,-0.0266,10.7941,0.0156
1.0000,0.0000,0.0193,-0.0286,10.8424,0.0269
1.0000,0.0000,0.0402,-0.0296,10.8909,0.0113
1.0000,0.0000,-0.0407,-0.0307,10.8909,0.0069
1.0000,0.0000,0.0484,-0.0339,10.9397,0.0222
1.0000,0.0000,0.0423,-0.0378,10.9887,0.0079
1.0000,-0.0000,-0.0405,-0.0389,10.9887,-0.0048
1.0000,0.0000,0.1966,-0.0440,11.0379,-0.0227
1.0000,0.0000,0.3059,-0.0456,11.0874,-0.0140
1.0000,0.0000,0.3401,-0.0326,11.0874,-0.0143
1.0000,-0.0000,0.3309,-0.0327,11.1371,-0.0268
1.0000,-0.0000,0.3150,-0.0363,11.1869,-0.0205
1.0000,-0.0000,0.3407,-0.0231,11.1869,-0.0212
1.0000,0.0000,0.3310,-0.0265,11.2370,-0.0315
1.0000,0.0000,0.3150,-0.0331,11.2871,-0.0258
1.0000,0.0000,0.3407,-0.0199,11.2871,-0.0264
1.0000,-0.0000,0.3310,-0.0242,11.3374,-0.0355
1.0000,-0.0000,0.3150,-0.0286,11.3878,-0.0293
1.0000,0.0000,0.3407,-0.0155,11.3878,-0.0294
1.0000,0.0000,0.3310,-0.0166,11.4382,-0.0378
1.0000,-0.0000,0.3415,-0.0164,11.4886,-0.0301
1.0000,-0.0000,0.3416,-0.0030,11.4886,-0.0292
1.0000,-0.0000,0.3311,-0.0012,11.5390,-0.0373
1.0000,-0.0000,0.2402,0.0000,11.5894,-0.0278
1.0000,-0.0000,0.2354,0.0097,11.5894,-0.0264
1.0000,-0.0000,0.1707,0.0111,11.6397,-0.0352
1.0000,0.0000,0.1517,0.0115,11.6900,-0.0241
1.0000,-0.0000,0.2329,0.0203,11.6900,-0.0220
1.0000,0.0000,0.1438,0.0228,11.7401,-0.0316
1.0000,-0.0000,0.1234,0.0241,11.7900,-0.0183
1.0000,-0.0000,0.0737,0.0293,11.7900,-0.0156
1.0000,-0.0000,-0.0194,0.0307,11.8398,-0.0277
1.0000,0.0000,-0.0402,0.0308,11.8894,-0.0119
1.0000,0.0000,0.0407,0.0319,11.8894,-0.0087
1.0000,0.0000,-0.0484,0.0340,11.9388,-0.0242
1.0000,-0.0000,-0.0423,0.0364,11.9881,-0.0069
1.0000,-0.0000,0.0405,0.0375,11.9881,0.0032
1.0000,0.0000,-0.1966,0.0407,12.0372,0.0225
1.0000,-0.0000,-0.3059,0.0403,12.0862,0.0095
1.0000,0.0000,-0.2652,0.0274,12.0862,0.0073
1.0000,0.0000,-0.1727,0.0282,12.1351,0.0220
1.0000,0.0000,-0.1520,0.0329,12.1840,0.0140
1.0000,-0.0000,-0.2594,0.0316,12.2327,0.0116
1.0000,0.0000,-0.2469,0.0243,12.2327,0.0219
1.0000,0.0000,-0.2352,0.0254,12.2815,0.0178
1.0000,-0.0000,-0.2350,0.0233,12.3302,0.0143
1.0000,-0.0000,-0.2455,0.0162,12.3302,0.0211
1.0000,0.0000,-0.2350,0.0156,12.3789,0.0205
1.0000,-0.0000,-0.2350,0.0118,12.4276,0.0154
1.0000,-0.0000,-0.1706,0.0049,12.4276,0.0190
1.0000,-0.0000,-0.1517,0.0053,12.4763,0.0219
1.0000,-0.0000,-0.1496,0.0035,12.5251,0.0156
1.0000,0.0000,-0.1390,-0.0009,12.5251,0.0163
1.0000,-0.0000,-0.1494,-0.0020,12.5740,0.0229
1.0000,0.0000,-0.1494,-0.0055,12.6229,0.0151
1.0000,-0.0000,-0.1389,-0.0099,12.6229,0.0124
1.0000,0.0000,-0.0480,-0.0109,12.6718,0.0233
1.0000,0.0000,-0.1180,-0.0127,12.7209,0.0143
1.0000,0.0000,-0.1367,-0.0168,12.7209,0.0080
1.0000,-0.0000,-0.0477,-0.0197,12.7702,0.0238
1.0000,0.0000,0.0402,-0.0201,12.8195,0.0143
1.0000,0.0000,-0.0485,-0.0207,12.8195,-0.0053
1.0000,0.0000,-0.0423,-0.0245,12.8690,-0.0249
1.0000,-0.0000,0.1419,-0.0249,12.9186,-0.0160
1.0000,0.0000,0.3127,-0.0175,12.9186,-0.0078
1.0000,-0.0000,0.2383,-0.0138,12.9683,-0.0254
1.0000,-0.0000,0.1518,-0.0124,13.0182,-0.0174
1.0000,-0.0000,0.1658,-0.0063,13.0182,-0.0097
1.0000,0.0000,0.1512,-0.0079,13.0681,-0.0262
1.0000,-0.0000,0.1495,-0.0090,13.1181,-0.0188
1.0000,-0.0000,0.1655,-0.0030,13.1181,-0.0119
1.0000,-0.0000,0.1511,-0.0052,13.1681,-0.0272
1.0000,-0.0000,0.1495,-0.0058,13.2183,-0.0196
1.0000,-0.0000,0.1655,0.0003,13.2183,-0.0134
1.0000,0.0000,0.1511,-0.0012,13.2685,-0.0282
1.0000,-0.0000,0.1495,-0.0010,13.3187,-0.0198
1.0000,0.0000,0.1655,0.0051,13.3187,-0.0141
1.0000,-0.0000,0.0762,0.0042,13.3690,-0.0278
1.0000,0.0000,0.1190,0.0019,13.4193,-0.0195
1.0000,0.0000,0.1368,0.0060,13.4193,-0.0147
1.0000,0.0000,0.0742,0.0056,13.4696,-0.0273
1.0000,-0.0000,0.1188,0.0041,13.5200,-0.0190
1.0000,-0.0000,0.1368,0.0082,13.5200,-0.0148
1.0000,0.0000,0.0742,0.0085,13.5703,-0.0265
1.0000,-0.0000,0.1188,0.0077,13.6206,-0.0180
1.0000,0.0000,0.1368,0.0119,13.6206,-0.0142
1.0000,-0.0000,0.0742,0.0129,13.6709,-0.0253
1.0000,0.0000,0.1188,0.0129,13.7211,-0.0164
1.0000,-0.0000,0.1368,0.0170,13.7211,-0.0130
1.0000,0.0000,0.0477,0.0172,13.7713,-0.0240
1.0000,-0.0000,0.1180,0.0176,13.8213,-0.0148
1.0000,0.0000,0.1366,0.0217,13.8213,-0.0116
1.0000,-0.0000,0.0477,0.0226,13.8712,-0.0231
1.0000,-0.0000,-0.0402,0.0205,13.9209,-0.0141
1.0000,0.0000,0.0485,0.0210,13.9209,-0.0109
1.0000,-0.0000,0.0423,0.0218,13.9704,-0.0236
1.0000,0.0000,-0.0405,0.0202,14.0196,-0.0153
1.0000,0.0000,0.0484,0.0207,14.0196,-0.0111
1.0000,-0.0000,0.0423,0.0206,14.0686,-0.0255
1.0000,-0.0000,-0.0405,0.0166,14.1173,-0.0185
1.0000,-0.0000,0.1217,0.0184,14.1173,-0.0132
1.0000,-0.0000,0.0463,0.0163,14.1656,-0.0264
1.0000,0.0000,0.1179,0.0130,14.2136,-0.0238
1.0000,-0.0000,0.1366,0.0172,14.2136,-0.0178
1.0000,-0.0000,0.0742,0.0144,14.2612,-0.0270
1.0000,0.0000,0.1188,0.0089,14.3085,-0.0312
1.0000,-0.0000,0.2116,0.0040,14.3553,-0.0258
1.0000,-0.0000,0.2324,0.0110,14.3553,-0.0311
1.0000,0.0000,0.1515,0.0070,14.4018,-0.0381
1.0000,-0.0000,0.2141,-0.0001,14.4480,-0.0363
1.0000,0.0000,0.2327,0.0069,14.4480,-0.0396
1.0000,-0.0000,0.2349,0.0035,14.4937,-0.0463
1.0000,-0.0000,0.2454,-0.0038,14.5391,-0.0498
1.0000,0.0000,0.3364,0.0054,14.5391,-0.0522
1.0000,0.0000,0.4246,0.0062,14.5842,-0.0585
1.0000,-0.0000,0.4108,0.0004,14.6290,-0.0650
1.0000,-0.0000,0.5003,-0.0049,14.6735,-0.0667
1.0000,0.0000,0.5325,0.0159,14.6735,-0.0727
1.0000,-0.0000,0.5231,0.0121,14.7177,-0.0799
1.0000,-0.0000,0.5072,0.0051,14.7617,-0.0823
1.0000,0.0000,0.5329,0.0035,14.8055,-0.0886
1.0000,-0.0000,0.6246,0.0213,14.8055,-0.0948
1.0000,0.0000,0.6188,0.0161,14.8491,-0.0990
1.0000,-0.0000,0.6194,0.0155,14.8926,-0.1049
1.0000,-0.0000,0.6299,0.0342,14.8926,-0.1103
1.0000,-0.0000,0.7208,0.0279,14.9359,-0.1157
1.0000,0.0000,0.7256,0.0287,14.9790,-0.1211
1.0000,0.0000,0.7903,0.0507,14.9790,-0.1257
1.0000,0.0000,0.8093,0.0468,15.0221,-0.1314
1.0000,-0.0000,0.7281,0.0479,15.0652,-0.1363
1.0000,0.0000,0.8172,0.0715,15.0652,-0.1403
1.0000,0.0000,0.8111,0.0673,15.1082,-0.1461
1.0000,-0.0000,0.7283,0.0678,15.1512,-0.1509
1.0000,0.0000,0.8172,0.0915,15.1512,-0.1546
1.0000,0.0000,0.8111,0.0866,15.1943,-0.1601
1.0000,0.0000,0.7283,0.0864,15.2375,-0.1652
1.0000,0.0000,0.8172,0.1101,15.2375,-0.1687
1.0000,0.0000,0.8111,0.1045,15.2807,-0.1741
1.0000,-0.0000,0.8116,0.1066,15.3241,-0.1787
1.0000,-0.0000,0.8221,0.1310,15.3241,-0.1819
1.0000,-0.0000,0.8116,0.1246,15.3677,-0.1871
1.0000,0.0000,0.8116,0.1259,15.4116,-0.1911
1.0000,-0.0000,0.8221,0.1503,15.4116,-0.1943
1.0000,0.0000,0.8381,0.1447,15.4557,-0.1987
1.0000,-0.0000,0.8124,0.1453,15.5001,-0.2022
1.0000,0.0000,0.8222,0.1697,15.5001,-0.2054
1.0000,0.0000,0.8117,0.1615,15.5448,-0.2091
1.0000,-0.0000,0.8116,0.1609,15.5898,-0.2124
1.0000,-0.0000,0.8221,0.1854,15.5898,-0.2157
1.0000,-0.0000,0.8381,0.1779,15.6353,-0.2180
1.0000,0.0000,0.8124,0.1767,15.6811,-0.2207
1.0000,-0.0000,0.8222,0.2011,15.6811,-0.2238
1.0000,0.0000,0.8117,0.1912,15.7272,-0.2249
1.0000,0.0000,0.8116,0.2239,15.7272,-0.2271
1.0000,0.0000,0.7472,0.2132,15.7737,-0.2297
1.0000,-0.0000,0.7283,0.1998,15.8206,-0.2301
1.0000,0.0000,0.7262,0.2286,15.8206,-0.2323
1.0000,-0.0000,0.7421,0.2165,15.8678,-0.2337
1.0000,0.0000,0.7277,0.2383,15.8678,-0.2341
1.0000,0.0000,0.8094,0.2343,15.9153,-0.2354
1.0000,-0.0000,0.7204,0.2209,15.9631,-0.2351
1.0000,0.0000,0.7265,0.2425,15.9631,-0.2354
1.0000,-0.0000,0.8093,0.2384,16.0113,-0.2359
1.0000,0.0000,0.7204,0.2260,16.0597,-0.2339
1.0000,-0.0000,0.7265,0.2476,16.0597,-0.2341
1.0000,0.0000,0.6511,0.2423,16.1084,-0.2325
1.0000,0.0000,0.6322,0.2613,16.1084,-0.2310
1.0000,0.0000,0.6198,0.2474,16.1573,-0.2310
1.0000,0.0000,0.5361,0.2376,16.2064,-0.2288
1.0000,-0.0000,0.6250,0.2555,16.2064,-0.2279
1.0000,0.0000,0.6189,0.2436,16.2557,-0.2265
1.0000,-0.0000,0.5361,0.2359,16.3052,-0.2241
1.0000,-0.0000,0.6250,0.2537,16.3052,-0.2235
1.0000,-0.0000,0.6189,0.2438,16.3548,-0.2205
1.0000,0.0000,0.5361,0.2658,16.3548,-0.2178
1.0000,-0.0000,0.5236,0.2540,16.4044,-0.2167
1.0000,-0.0000,0.5073,0.2681,16.4044,-0.2137
1.0000,-0.0000,0.4581,0.2618,16.4541,-0.2114
1.0000,0.0000,0.4399,0.2490,16.5038,-0.2092
1.0000,0.0000,0.4275,0.2621,16.5038,-0.2071
1.0000,-0.0000,0.4273,0.2542,16.5535,-0.2056
1.0000,-0.0000,0.4112,0.2411,16.6030,-0.2025
1.0000,-0.0000,0.4255,0.2539,16.6030,-0.2014
1.0000,0.0000,0.4271,0.2476,16.6523,-0.1991
1.0000,0.0000,0.3363,0.2585,16.6523,-0.1964
1.0000,0.0000,0.3422,0.2457,16.7015,-0.1966
1.0000,0.0000,0.3416,0.2369,16.7504,-0.1937
1.0000,-0.0000,0.4060,0.2474,16.7504,-0.1924
1.0000,0.0000,0.4249,0.2385,16.7990,-0.1916
1.0000,-0.0000,0.3437,0.2318,16.8472,-0.1894
1.0000,0.0000,0.3314,0.2420,16.8472,-0.1893
1.0000,0.0000,0.3416,0.2316,16.8951,-0.1883
1.0000,-0.0000,0.3416,0.2450,16.8951,-0.1875
1.0000,-0.0000,0.3311,0.2353,16.9426,-0.1887
1.0000,0.0000,0.3416,0.2257,16.9896,-0.1876
1.0000,0.0000,0.3416,0.2392,16.9896,-0.1881
1.0000,-0.0000,0.3576,0.2314,17.0361,-0.1897
1.0000,0.0000,0.3433,0.2218,17.0822,-0.1892
1.0000,-0.0000,0.3417,0.2353,17.0822,-0.1911
1.0000,-0.0000,0.3577,0.2270,17.1278,-0.1929
1.0000,-0.0000,0.3433,0.2373,17.1278,-0.1939
1.0000,-0.0000,0.4250,0.2333,17.1729,-0.1971
1.0000,-0.0000,0.4374,0.2254,17.2174,-0.1990
1.0000,0.0000,0.4272,0.2385,17.2174,-0.2012
1.0000,0.0000,0.4272,0.2346,17.2615,-0.2058
1.0000,-0.0000,0.4377,0.2259,17.3052,-0.2081
1.0000,-0.0000,0.5286,0.2408,17.3052,-0.2118
1.0000,-0.0000,0.5334,0.2398,17.3484,-0.2170
1.0000,0.0000,0.5233,0.2330,17.3912,-0.2199
1.0000,-0.0000,0.5338,0.2488,17.3912,-0.2250
1.0000,0.0000,0.6171,0.2495,17.4338,-0.2301
1.0000,0.0000,0.6030,0.2665,17.4338,-0.2343
1.0000,-0.0000,0.6176,0.2608,17.4762,-0.2397
1.0000,0.0000,0.5360,0.2577,17.5184,-0.2458
1.0000,-0.0000,0.6250,0.2756,17.5184,-0.2513
1.0000,-0.0000,0.7203,0.2701,17.5606,-0.2563
1.0000,0.0000,0.6991,0.2700,17.6029,-0.2628
1.0000,0.0000,0.7137,0.2914,17.6029,-0.2685
1.0000,-0.0000,0.7257,0.2845,17.6453,-0.2729
1.0000,-0.0000,0.7259,0.3133,17.6453,-0.2795
1.0000,0.0000,0.7155,0.3052,17.6878,-0.2852
1.0000,-0.0000,0.7260,0.3267,17.6878,-0.2894
1.0000,0.0000,0.7260,0.3242,17.7305,-0.2961
1.0000,0.0000,0.7155,0.3130,17.7734,-0.3010
1.0000,-0.0000,0.7260,0.3345,17.7734,-0.3054
1.0000,-0.0000,0.8093,0.3317,17.8166,-0.3116
1.0000,0.0000,0.8217,0.3196,17.8600,-0.3150
1.0000,-0.0000,0.8864,0.3444,17.8600,-0.3188
1.0000,-0.0000,0.8421,0.3420,17.9038,-0.3233
1.0000,-0.0000,0.8242,0.3276,17.9463,-0.3253
1.0000,-0.0000,0.9133,0.3523,17.9482,-0.3281
1.0000,-0.0000,1.0012,0.3500,17.9921,-0.3301
1.0000,0.0000,0.9125,0.3782,17.9921,-0.3305
1.0000,-0.0000,0.8438,0.3631,18.0367,-0.3320
1.0000,0.0000,0.8128,0.3545,18.0816,-0.3323
1.0000,0.0000,0.8223,0.3789,18.0816,-0.3323
1.0000,-0.0000,0.8382,0.3642,18.1268,-0.3327
1.0000,0.0000,0.8125,0.3571,18.1723,-0.3312
1.0000,0.0000,0.8222,0.3815,18.1723,-0.3300
1.0000,-0.0000,0.8382,0.3687,18.2179,-0.3287
1.0000,-0.0000,0.7291,0.3608,18.2638,-0.3257
1.0000,0.0000,0.8174,0.3844,18.2638,-0.3234
1.0000,-0.0000,0.8111,0.3724,18.3100,-0.3207
1.0000,0.0000,0.7283,0.3668,18.3563,-0.3160
1.0000,0.0000,0.7158,0.3885,18.3563,-0.3126
1.0000,-0.0000,0.6512,0.3760,18.4028,-0.3088
1.0000,-0.0000,0.6206,0.3689,18.4495,-0.3030
1.0000,-0.0000,0.6301,0.3876,18.4495,-0.2991
1.0000,0.0000,0.6195,0.3756,18.4964,-0.2942
1.0000,-0.0000,0.5361,0.3682,18.5435,-0.2876
1.0000,-0.0000,0.5237,0.3842,18.5435,-0.2831
1.0000,0.0000,0.4590,0.3718,18.5908,-0.2776
1.0000,0.0000,0.4284,0.3631,18.6382,-0.2704
1.0000,0.0000,0.4379,0.3760,18.6382,-0.2657
1.0000,-0.0000,0.4273,0.3642,18.6858,-0.2596
1.0000,-0.0000,0.3439,0.3785,18.6858,-0.2520
1.0000,-0.0000,0.3315,0.3653,18.7335,-0.2473
1.0000,0.0000,0.1669,0.3502,18.7813,-0.2412
1.0000,0.0000,0.2336,0.3592,18.7813,-0.2340
1.0000,0.0000,0.1704,0.3455,18.8293,-0.2296
1.0000,0.0000,0.1517,0.3308,18.8774,-0.2236
1.0000,0.0000,0.1495,0.3366,18.8774,-0.2166
1.0000,-0.0000,0.1390,0.3231,18.9255,-0.2126
1.0000,0.0000,0.1494,0.3108,18.9737,-0.2065
1.0000,0.0000,0.1494,0.3165,18.9737,-0.1993
1.0000,-0.0000,0.1389,0.3055,19.0220,-0.1952
1.0000,0.0000,0.0480,0.2933,19.0703,-0.1891
1.0000,0.0000,0.1180,0.2955,19.0703,-0.1823
1.0000,0.0000,0.1367,0.2859,19.1187,-0.1782
1.0000,0.0000,0.0477,0.2751,19.1670,-0.1721
1.0000,-0.0000,0.0431,0.2649,19.2154,-0.1651
1.0000,0.0000,0.0533,0.2662,19.2154,-0.1612
1.0000,-0.0000,0.0428,0.2563,19.2637,-0.1554
1.0000,0.0000,0.0428,0.2474,19.3120,-0.1483
1.0000,-0.0000,-0.0216,0.2485,19.3120,-0.1442
1.0000,0.0000,-0.0405,0.2372,19.3603,-0.1390
1.0000,-0.0000,-0.0426,0.2260,19.4086,-0.1323
1.0000,0.0000,-0.0532,0.2246,19.4086,-0.1286
1.0000,0.0000,-0.0428,0.2144,19.4569,-0.1240
1.0000,-0.0000,-0.0428,0.2045,19.5051,-0.1173
1.0000,-0.0000,-0.0533,0.2032,19.5051,-0.1134
1.0000,-0.0000,-0.0428,0.1943,19.5533,-0.1097
1.0000,-0.0000,-0.0428,0.1857,19.6015,-0.1028
1.0000,-0.0000,-0.0533,0.1844,19.6015,-0.0986
1.0000,-0.0000,-0.0428,0.1768,19.6496,-0.0958
1.0000,-0.0000,-0.0428,0.1695,19.6977,-0.0887
1.0000,-0.0000,-0.0533,0.1681,19.6977,-0.0838
1.0000,0.0000,-0.1442,0.1599,19.7458,-0.0827
1.0000,-0.0000,-0.1490,0.1501,19.7938,-0.0758
1.0000,0.0000,-0.1389,0.1457,19.7938,-0.0705
1.0000,-0.0000,-0.1494,0.1379,19.8417,-0.0699
1.0000,-0.0000,-0.1119,0.1293,19.8896,-0.0648
1.0000,-0.0000,-0.0598,0.1240,19.9374,-0.0582
1.0000,-0.0000,-0.0546,0.1225,19.9374,-0.0567
1.0000,0.0000,-0.1367,0.1157,19.9852,-0.0544
1.0000,0.0000,-0.1491,0.1100,20.0329,-0.0459
1.0000,-0.0000,-0.1389,0.1056,20.0329,-0.0438
1.0000,-0.0000,-0.1389,0.0988,20.0805,-0.0424
1.0000,-0.0000,-0.1494,0.0938,20.1281,-0.0353
1.0000,-0.0000,-0.1389,0.0894,20.1281,-0.0315
1.0000,0.0000,-0.1389,0.0832,20.1756,-0.0302
1.0000,0.0000,-0.1494,0.0789,20.2231,-0.0268
1.0000,0.0000,-0.1389,0.0745,20.2231,-0.0196
1.0000,-0.0000,-0.1389,0.0690,20.2705,-0.0185
1.0000,-0.0000,-0.1494,0.0655,20.3179,-0.0225
1.0000,-0.0000,-0.1389,0.0621,20.3653,-0.0090
1.0000,-0.0000,-0.2138,0.0560,20.3653,-0.0077
1.0000,0.0000,-0.2327,0.0504,20.4127,-0.0235
1.0000,-0.0000,-0.1703,0.0453,20.4600,-0.0065
1.0000,-0.0000,-0.0567,0.0422,20.4600,0.0037
1.0000,0.0000,-0.1447,0.0408,20.5073,0.0195
1.0000,0.0000,-0.2398,0.0369,20.5547,0.0142
1.0000,-0.0000,-0.3284,0.0271,20.6020,0.0111
1.0000,-0.0000,-0.2398,0.0191,20.6020,0.0176
1.0000,-0.0000,-0.2460,0.0150,20.6493,0.0210
1.0000,-0.0000,-0.2455,0.0089,20.6967,0.0168
1.0000,-0.0000,-0.2350,0.0016,20.6967,0.0167
1.0000,-0.0000,-0.1441,0.0002,20.7441,0.0267
1.0000,0.0000,-0.2141,-0.0017,20.7915,0.0218
1.0000,0.0000,-0.2328,-0.0087,20.7915,0.0166
1.0000,0.0000,-0.1438,-0.0093,20.8389,0.0261
1.0000,0.0000,-0.0559,-0.0072,20.8864,0.0260
1.0000,0.0000,-0.1446,-0.0055,20.9339,0.0173
1.0000,0.0000,-0.1384,-0.0099,20.9339,0.0228
1.0000,-0.0000,-0.1389,-0.0109,20.9814,0.0281
1.0000,0.0000,-0.1494,-0.0108,21.0290,0.0175
1.0000,-0.0000,-0.1389,-0.0152,21.0290,0.0184
1.0000,-0.0000,-0.0556,-0.0140,21.0766,0.0231
1.0000,-0.0000,-0.1180,-0.0122,21.1242,0.0184
1.0000,0.0000,-0.1367,-0.0163,21.1242,0.0144
1.0000,-0.0000,-0.0554,-0.0158,21.1718,0.0182
1.0000,0.0000,-0.0431,-0.0146,21.2193,0.0206
1.0000,0.0000,-0.0533,-0.0159,21.2193,0.0118
1.0000,-0.0000,-0.0533,-0.0154,21.2667,0.0142
1.0000,0.0000,-0.0428,-0.0149,21.3140,0.0246
1.0000,0.0000,-0.0533,-0.0147,21.3612,0.0126
1.0000,0.0000,-0.1366,-0.0196,21.3612,0.0124
1.0000,0.0000,-0.0477,-0.0207,21.4082,0.0236
1.0000,0.0000,-0.0538,-0.0212,21.4551,0.0166
1.0000,0.0000,-0.0533,-0.0227,21.5018,0.0152
1.0000,0.0000,-0.0428,-0.0242,21.5018,0.0218
1.0000,-0.0000,-0.0533,-0.0255,21.5484,0.0242
1.0000,0.0000,-0.0533,-0.0277,21.5948,0.0233
1.0000,-0.0000,-0.0428,-0.0293,21.5948,0.0259
1.0000,-0.0000,-0.0533,-0.0313,21.6410,0.0351
1.0000,-0.0000,-0.0533,-0.0343,21.6872,0.0359
1.0000,-0.0000,-0.1442,-0.0377,21.6872,0.0373
1.0000,-0.0000,-0.1383,-0.0435,21.7332,0.0464
1.0000,-0.0000,-0.1389,-0.0510,21.7792,0.0516
1.0000,-0.0000,-0.1494,-0.0574,21.8251,0.0538
1.0000,-0.0000,-0.1389,-0.0618,21.8251,0.0623
1.0000,0.0000,-0.1389,-0.0700,21.8711,0.0716
1.0000,-0.0000,-0.1494,-0.0756,21.9169,0.0758
1.0000,0.0000,-0.2403,-0.0819,21.9172,0.0853
1.0000,0.0000,-0.2451,-0.0912,21.9633,0.0958
1.0000,0.0000,-0.3098,-0.0987,21.9636,0.1022
1.0000,-0.0000,-0.3288,-0.1066,22.0098,0.1128
1.0000,-0.0000,-0.3309,-0.1163,22.0564,0.1230
1.0000,0.0000,-0.3415,-0.1263,22.0564,0.1313
1.0000,-0.0000,-0.4325,-0.1329,22.1032,0.1416
1.0000,-0.0000,-0.4373,-0.1428,22.1502,0.1523
1.0000,-0.0000,-0.5020,-0.1562,22.1502,0.1619
1.0000,0.0000,-0.5210,-0.1627,22.1975,0.1706
1.0000,-0.0000,-0.5231,-0.1838,22.1975,0.1820
1.0000,0.0000,-0.5337,-0.1886,22.2450,0.1925
1.0000,0.0000,-0.5982,-0.1919,22.2927,0.1998
1.0000,-0.0000,-0.6287,-0.2165,22.2927,0.2115
1.0000,0.0000,-0.6192,-0.2205,22.3406,0.2199
1.0000,0.0000,-0.6298,-0.2391,22.3406,0.2278
1.0000,-0.0000,-0.6299,-0.2472,22.3886,0.2396
1.0000,-0.0000,-0.6943,-0.2473,22.4369,0.2463
1.0000,-0.0000,-0.7132,-0.2687,22.4369,0.2546
1.0000,-0.0000,-0.7153,-0.2764,22.4853,0.2635
1.0000,-0.0000,-0.7259,-0.2979,22.4853,0.2700
1.0000,0.0000,-0.7155,-0.2963,22.5338,0.2770
1.0000,0.0000,-0.7155,-0.2998,22.5824,0.2848
1.0000,0.0000,-0.7260,-0.3213,22.5824,0.2915
1.0000,0.0000,-0.7420,-0.3171,22.6310,0.2962
1.0000,-0.0000,-0.7912,-0.3464,22.6310,0.3033
1.0000,0.0000,-0.8094,-0.3410,22.6797,0.3084
1.0000,-0.0000,-0.7953,-0.3638,22.6797,0.3123
1.0000,0.0000,-0.7463,-0.3641,22.7284,0.3181
1.0000,0.0000,-0.7282,-0.3522,22.7771,0.3212
1.0000,-0.0000,-0.7907,-0.3741,22.7771,0.3252
1.0000,0.0000,-0.7461,-0.3705,22.8256,0.3290
1.0000,-0.0000,-0.7281,-0.3924,22.8256,0.3312
1.0000,0.0000,-0.7423,-0.3784,22.8741,0.3341
1.0000,-0.0000,-0.7913,-0.3708,22.9224,0.3361
1.0000,0.0000,-0.8094,-0.3951,22.9224,0.3376
1.0000,-0.0000,-0.7469,-0.3837,22.9706,0.3384
1.0000,-0.0000,-0.7915,-0.4131,22.9706,0.3392
1.0000,-0.0000,-0.8095,-0.4032,23.0185,0.3402
1.0000,0.0000,-0.7204,-0.3929,23.0661,0.3392
1.0000,-0.0000,-0.7907,-0.4220,23.0661,0.3390
1.0000,-0.0000,-0.8093,-0.4147,23.1135,0.3383
1.0000,-0.0000,-0.6471,-0.4360,23.1135,0.3367
1.0000,-0.0000,-0.5559,-0.4306,23.1607,0.3358
1.0000,-0.0000,-0.5363,-0.4175,23.2077,0.3346
1.0000,0.0000,-0.6251,-0.4354,23.2077,0.3334
1.0000,0.0000,-0.5547,-0.4319,23.2546,0.3318
1.0000,-0.0000,-0.5361,-0.4208,23.3013,0.3295
1.0000,0.0000,-0.5985,-0.4371,23.3013,0.3279
1.0000,-0.0000,-0.5539,-0.4352,23.3479,0.3253
1.0000,-0.0000,-0.5359,-0.4258,23.3945,0.3219
1.0000,0.0000,-0.5236,-0.4418,23.3945,0.3196
1.0000,-0.0000,-0.5234,-0.4383,23.4409,0.3160
1.0000,0.0000,-0.4324,-0.4283,23.4873,0.3122
1.0000,0.0000,-0.4383,-0.4412,23.4873,0.3095
1.0000,0.0000,-0.3629,-0.4350,23.5337,0.3056
1.0000,0.0000,-0.3439,-0.4226,23.5801,0.3017
1.0000,-0.0000,-0.3315,-0.4328,23.5801,0.2987
1.0000,-0.0000,-0.3312,-0.4242,23.6264,0.2947
1.0000,-0.0000,-0.3416,-0.4125,23.6728,0.2903
1.0000,0.0000,-0.3311,-0.4227,23.6728,0.2866
1.0000,-0.0000,-0.3311,-0.4149,23.7191,0.2816
1.0000,0.0000,-0.2402,-0.4022,23.7654,0.2771
1.0000,-0.0000,-0.2461,-0.4094,23.7654,0.2729
1.0000,0.0000,-0.2455,-0.3985,23.8118,0.2675
1.0000,0.0000,-0.2350,-0.3856,23.8582,0.2631
1.0000,0.0000,-0.2455,-0.3927,23.8582,0.2579
1.0000,0.0000,-0.1706,-0.3821,23.9046,0.2515
1.0000,0.0000,-0.1517,-0.3668,23.9511,0.2475
1.0000,-0.0000,-0.2141,-0.3519,23.9976,0.2416
1.0000,-0.0000,-0.2444,-0.3611,23.9976,0.2341
1.0000,0.0000,-0.2349,-0.3489,24.0442,0.2288
1.0000,0.0000,-0.1441,-0.3351,24.0908,0.2225
1.0000,-0.0000,-0.1393,-0.3228,24.1374,0.2143
1.0000,0.0000,-0.1494,-0.3270,24.1374,0.2085
1.0000,-0.0000,-0.1389,-0.3142,24.1841,0.2026
1.0000,-0.0000,-0.0556,-0.3007,24.2308,0.1939
1.0000,0.0000,-0.1445,-0.3041,24.2308,0.1875
1.0000,-0.0000,-0.1384,-0.2931,24.2776,0.1821
1.0000,-0.0000,-0.0556,-0.2815,24.3244,0.1727
1.0000,-0.0000,-0.0431,-0.2830,24.3244,0.1657
1.0000,-0.0000,0.0215,-0.2708,24.3713,0.1607
1.0000,0.0000,0.0521,-0.2569,24.4182,0.1524
1.0000,-0.0000,0.0426,-0.2441,24.4651,0.1454
1.0000,-0.0000,0.0532,-0.2427,24.4651,0.1406
1.0000,-0.0000,0.0533,-0.2306,24.5121,0.1337
1.0000,0.0000,0.0428,-0.2199,24.5591,0.1263
1.0000,-0.0000,0.0533,-0.2186,24.5591,0.1214
1.0000,-0.0000,0.0533,-0.2086,24.6061,0.1153
1.0000,-0.0000,0.0428,-0.2001,24.6532,0.1082
1.0000,-0.0000,0.0533,-0.1988,24.6532,0.1031
1.0000,0.0000,0.0533,-0.1910,24.7003,0.0973
1.0000,0.0000,0.1442,-0.1829,24.7475,0.0917
1.0000,-0.0000,0.1383,-0.1785,24.7475,0.0867
1.0000,-0.0000,0.1389,-0.1692,24.7947,0.0820
1.0000,-0.0000,0.1494,-0.1625,24.8419,0.0785
1.0000,-0.0000,0.1389,-0.1581,24.8419,0.0732
1.0000,0.0000,0.1389,-0.1509,24.8891,0.0692
1.0000,-0.0000,0.1494,-0.1465,24.9364,0.0682
1.0000,-0.0000,0.1389,-0.1430,24.9838,0.0622
1.0000,-0.0000,0.1389,-0.1372,24.9838,0.0587
1.0000,-0.0000,0.1494,-0.1350,25.0311,0.0605
1.0000,0.0000,0.1389,-0.1331,25.0785,0.0540
1.0000,0.0000,0.2138,-0.1271,25.0785,0.0508
1.0000,-0.0000,0.2327,-0.1224,25.1259,0.0526
1.0000,0.0000,0.1438,-0.1190,25.1734,0.0492
1.0000,-0.0000,0.1392,-0.1147,25.2208,0.0463
1.0000,0.0000,0.1494,-0.1105,25.2208,0.0471
1.0000,0.0000,0.1389,-0.1073,25.2683,0.0469
1.0000,0.0000,0.1389,-0.1023,25.3157,0.0439
1.0000,0.0000,0.1494,-0.0981,25.3157,0.0436
1.0000,-0.0000,0.1389,-0.0942,25.3632,0.0472
1.0000,0.0000,0.1389,-0.0885,25.4107,0.0442
1.0000,-0.0000,0.0480,-0.0862,25.4107,0.0423
1.0000,-0.0000,0.0539,-0.0846,25.4582,0.0472
1.0000,0.0000,0.0533,-0.0821,25.5057,0.0454
1.0000,-0.0000,0.0428,-0.0797,25.5531,0.0416
1.0000,-0.0000,0.0533,-0.0784,25.5531,0.0449
1.0000,-0.0000,0.0533,-0.0752,25.6006,0.0476
1.0000,-0.0000,0.0428,-0.0721,25.6480,0.0423
1.0000,-0.0000,0.0268,-0.0724,25.6480,0.0436
1.0000,-0.0000,-0.0224,-0.0691,25.6954,0.0465
1.0000,0.0000,-0.0406,-0.0681,25.7428,0.0435
1.0000,-0.0000,-0.0530,-0.0694,25.7428,0.0427
1.0000,0.0000,-0.0532,-0.0687,25.7902,0.0443
1.0000,0.0000,-0.0428,-0.0674,25.8375,0.0446
1.0000,-0.0000,-0.0533,-0.0687,25.8375,0.0416
1.0000,0.0000,-0.0533,-0.0674,25.8848,0.0421
1.0000,-0.0000,-0.0428,-0.0654,25.9320,0.0459
1.0000,0.0000,-0.0533,-0.0628,25.9792,0.0405
1.0000,0.0000,-0.0533,-0.0647,25.9792,0.0396
1.0000,0.0000,-0.0428,-0.0620,26.0264,0.0435
1.0000,0.0000,-0.0533,-0.0592,26.0735,0.0391
1.0000,-0.0000,-0.0533,-0.0570,26.1206,0.0365
1.0000,0.0000,-0.0428,-0.0586,26.1206,0.0375
1.0000,0.0000,-0.0533,-0.0561,26.1676,0.0373
1.0000,-0.0000,-0.0533,-0.0543,26.2145,0.0326
1.0000,0.0000,-0.0428,-0.0558,26.2145,0.0299
1.0000,0.0000,0.0349,-0.0526,26.2614,0.0354
1.0000,-0.0000,-0.0223,-0.0478,26.3083,0.0290
1.0000,0.0000,-0.0406,-0.0490,26.3083,0.0212
1.0000,-0.0000,0.0219,-0.0469,26.3552,0.0250
1.0000,-0.0000,0.0522,-0.0423,26.4020,0.0266
1.0000,0.0000,0.0427,-0.0379,26.4488,0.0121
1.0000,0.0000,0.0267,-0.0382,26.4488,0.0130
1.0000,0.0000,0.0524,-0.0339,26.4956,-0.0183
1.0000,-0.0000,0.1176,-0.0296,26.5425,-0.0118
1.0000,0.0000,0.3113,-0.0224,26.5425,-0.0090
1.0000,0.0000,0.1718,-0.0101,26.5894,-0.0179
1.0000,-0.0000,0.1518,-0.0033,26.6363,-0.0232
1.0000,-0.0000,0.1393,0.0011,26.6363,-0.0214
1.0000,0.0000,0.1390,0.0089,26.6834,-0.0299
1.0000,0.0000,0.1494,0.0151,26.7306,-0.0391
1.0000,-0.0000,0.2138,0.0214,26.7780,-0.0397
1.0000,0.0000,0.2443,0.0307,26.7780,-0.0482
1.0000,-0.0000,0.2348,0.0396,26.8254,-0.0574
1.0000,-0.0000,0.2454,0.0481,26.8729,-0.0598
1.0000,-0.0000,0.2455,0.0577,26.8729,-0.0690
1.0000,0.0000,0.2350,0.0662,26.9204,-0.0780
1.0000,0.0000,0.2455,0.0744,26.9679,-0.0824
1.0000,-0.0000,0.2455,0.0840,26.9679,-0.0928
1.0000,0.0000,0.3099,0.0922,27.0152,-0.1014
1.0000,0.0000,0.3288,0.1020,27.0152,-0.1074
1.0000,-0.0000,0.3309,0.1150,27.0625,-0.1186
1.0000,-0.0000,0.3415,0.1233,27.1095,-0.1263
1.0000,-0.0000,0.4060,0.1338,27.1095,-0.1339
1.0000,0.0000,0.4365,0.1480,27.1564,-0.1457
1.0000,0.0000,0.4270,0.1571,27.2030,-0.1527
1.0000,0.0000,0.4376,0.1700,27.2030,-0.1613
1.0000,0.0000,0.4377,0.1823,27.2493,-0.1734
1.0000,-0.0000,0.4647,0.1894,27.2954,-0.1805
1.0000,0.0000,0.5168,0.2038,27.2954,-0.1905
1.0000,0.0000,0.5331,0.2176,27.3412,-0.2010
1.0000,0.0000,0.5232,0.2336,27.3412,-0.2095
1.0000,0.0000,0.5337,0.2411,27.3867,-0.2187
1.0000,-0.0000,0.5338,0.2530,27.4319,-0.2300
1.0000,0.0000,0.5982,0.2692,27.4319,-0.2401
1.0000,0.0000,0.6171,0.2775,27.4768,-0.2481
1.0000,-0.0000,0.6192,0.3024,27.4768,-0.2603
1.0000,0.0000,0.6298,0.3098,27.5215,-0.2695
1.0000,0.0000,0.6194,0.3286,27.5215,-0.2786
1.0000,-0.0000,0.6194,0.3414,27.5659,-0.2916
1.0000,0.0000,0.6299,0.3600,27.5659,-0.3003
1.0000,-0.0000,0.6194,0.3656,27.6102,-0.3106
1.0000,0.0000,0.6943,0.3766,27.6543,-0.3229
1.0000,0.0000,0.7132,0.3980,27.6543,-0.3334
1.0000,-0.0000,0.7256,0.4195,27.6543,-0.3420
1.0000,0.0000,0.7259,0.4331,27.6983,-0.3555
1.0000,-0.0000,0.7155,0.4386,27.7424,-0.3645
1.0000,-0.0000,0.7260,0.4601,27.7424,-0.3750
1.0000,-0.0000,0.7260,0.4717,27.7865,-0.3873
1.0000,0.0000,0.7904,0.4937,27.7865,-0.3980
1.0000,-0.0000,0.8093,0.5180,27.7865,-0.4067
1.0000,0.0000,0.7281,0.5293,27.8308,-0.4203
1.0000,-0.0000,0.7907,0.5513,27.8308,-0.4292
1.0000,0.0000,0.8093,0.5562,27.8754,-0.4392
1.0000,-0.0000,0.7281,0.5653,27.9203,-0.4511
1.0000,-0.0000,0.8172,0.5890,27.9203,-0.4610
1.0000,-0.0000,0.8111,0.6135,27.9203,-0.4693
1.0000,-0.0000,0.8116,0.6246,27.9656,-0.4815
1.0000,0.0000,0.7956,0.6473,27.9656,-0.4893
1.0000,0.0000,0.8099,0.6492,28.0114,-0.4981
1.0000,0.0000,0.7282,0.6558,28.0577,-0.5085
1.0000,0.0000,0.8172,0.6794,28.0577,-0.5171
1.0000,-0.0000,0.8111,0.7040,28.0577,-0.5239
1.0000,-0.0000,0.8116,0.7129,28.1043,-0.5337
1.0000,0.0000,0.7956,0.7111,28.1515,-0.5401
1.0000,0.0000,0.8099,0.7354,28.1515,-0.5471
1.0000,-0.0000,0.8115,0.7426,28.1991,-0.5545
1.0000,0.0000,0.8220,0.7670,28.1991,-0.5602
1.0000,0.0000,0.8116,0.7652,28.2471,-0.5650
1.0000,0.0000,0.7283,0.7948,28.2471,-0.5715
1.0000,0.0000,0.7424,0.7907,28.2955,-0.5761
1.0000,-0.0000,0.7278,0.8125,28.2955,-0.5800
1.0000,-0.0000,0.7261,0.8127,28.3443,-0.5854
1.0000,0.0000,0.7156,0.8045,28.3933,-0.5881
1.0000,0.0000,0.7260,0.8260,28.3933,-0.5913
1.0000,-0.0000,0.8093,0.8266,28.4426,-0.5936
1.0000,0.0000,0.7204,0.8491,28.4426,-0.5949
1.0000,-0.0000,0.6516,0.8377,28.4920,-0.5962
1.0000,-0.0000,0.6955,0.8291,28.5416,-0.5970
1.0000,0.0000,0.7134,0.8505,28.5416,-0.5973
1.0000,-0.0000,0.6508,0.8360,28.5913,-0.5967
1.0000,0.0000,0.6954,0.8242,28.6410,-0.5953
1.0000,-0.0000,0.7134,0.8457,28.6410,-0.5938
1.0000,-0.0000,0.6508,0.8279,28.6906,-0.5912
1.0000,-0.0000,0.6954,0.8127,28.7401,-0.5873
1.0000,0.0000,0.7134,0.8342,28.7401,-0.5839
1.0000,0.0000,0.6508,0.8130,28.7895,-0.5793
1.0000,0.0000,0.6954,0.8385,28.7895,-0.5731
1.0000,0.0000,0.7134,0.8158,28.8387,-0.5681
1.0000,-0.0000,0.5510,0.7884,28.8876,-0.5619
1.0000,0.0000,0.6180,0.8128,28.8876,-0.5542
1.0000,-0.0000,0.5548,0.7837,28.9364,-0.5478
1.0000,-0.0000,0.5361,0.7998,28.9364,-0.5412
1.0000,-0.0000,0.6173,0.7750,28.9849,-0.5323
1.0000,0.0000,0.4549,0.7401,29.0331,-0.5245
1.0000,0.0000,0.5303,0.7553,29.0331,-0.5178
1.0000,-0.0000,0.6169,0.7278,29.0809,-0.5070
1.0000,-0.0000,0.5281,0.7446,29.0809,-0.4988
1.0000,0.0000,0.4594,0.7104,29.1284,-0.4907
1.0000,0.0000,0.5033,0.7283,29.1284,-0.4799
1.0000,0.0000,0.5212,0.6976,29.1756,-0.4721
1.0000,-0.0000,0.3588,0.7102,29.1756,-0.4633
1.0000,-0.0000,0.4258,0.6838,29.2224,-0.4530
1.0000,0.0000,0.2628,0.6537,29.2689,-0.4448
1.0000,-0.0000,0.3381,0.6631,29.2689,-0.4377
1.0000,0.0000,0.4247,0.6429,29.3149,-0.4272
1.0000,0.0000,0.3359,0.6539,29.3149,-0.4194
1.0000,-0.0000,0.2672,0.6302,29.3607,-0.4123
1.0000,0.0000,0.2362,0.6401,29.3607,-0.4029
1.0000,-0.0000,0.1708,0.6164,29.4061,-0.3973
1.0000,-0.0000,0.1517,0.6210,29.4061,-0.3908
1.0000,0.0000,0.2329,0.6020,29.4512,-0.3839
1.0000,-0.0000,0.1438,0.5820,29.4960,-0.3786
1.0000,-0.0000,0.1499,0.5863,29.4960,-0.3745
1.0000,-0.0000,0.2327,0.5724,29.5407,-0.3689
1.0000,-0.0000,0.1438,0.5776,29.5407,-0.3650
1.0000,-0.0000,0.1499,0.5615,29.5852,-0.3624
1.0000,-0.0000,0.1494,0.5491,29.6296,-0.3588
1.0000,-0.0000,0.2138,0.5538,29.6296,-0.3579
1.0000,-0.0000,0.2327,0.5446,29.6740,-0.3554
1.0000,-0.0000,0.2348,0.5542,29.6740,-0.3541
1.0000,0.0000,0.1706,0.5469,29.7184,-0.3531
1.0000,0.0000,0.1517,0.5515,29.7184,-0.3533
1.0000,-0.0000,0.1496,0.5450,29.7628,-0.3544
1.0000,0.0000,0.2138,0.5497,29.7628,-0.3550
1.0000,0.0000,0.2327,0.5463,29.8073,-0.3570
1.0000,0.0000,0.1515,0.5443,29.8518,-0.3589
1.0000,-0.0000,0.2406,0.5506,29.8518,-0.3618
1.0000,0.0000,0.2345,0.5510,29.8965,-0.3639
1.0000,0.0000,0.2350,0.5606,29.8965,-0.3679
1.0000,0.0000,0.2455,0.5626,29.9412,-0.3715
1.0000,0.0000,0.2350,0.5699,29.9412,-0.3749
1.0000,0.0000,0.2350,0.5761,29.9861,-0.3810
1.0000,0.0000,0.2455,0.5815,30.0311,-0.3847
1.0000,-0.0000,0.2350,0.5888,30.0311,-0.3901
1.0000,0.0000,0.2350,0.5971,30.0763,-0.3964
1.0000,0.0000,0.2455,0.6042,30.0763,-0.4020
1.0000,-0.0000,0.3099,0.6089,30.1215,-0.4076
1.0000,-0.0000,0.3404,0.6221,30.1216,-0.4150
1.0000,0.0000,0.3309,0.6280,30.1670,-0.4212
1.0000,0.0000,0.3415,0.6380,30.1670,-0.4268
1.0000,0.0000,0.3416,0.6458,30.2126,-0.4356
1.0000,-0.0000,0.3311,0.6487,30.2582,-0.4413
1.0000,0.0000,0.3416,0.6587,30.2583,-0.4486
1.0000,0.0000,0.4249,0.6664,30.3040,-0.4565
1.0000,0.0000,0.4373,0.6792,30.3042,-0.4631
1.0000,0.0000,0.4272,0.6820,30.3499,-0.4692
1.0000,0.0000,0.4272,0.6992,30.3504,-0.4779
1.0000,-0.0000,0.4377,0.7002,30.3957,-0.4845
1.0000,0.0000,0.5021,0.7132,30.3968,-0.4910
1.0000,-0.0000,0.4578,0.7211,30.4394,-0.4996
1.0000,0.0000,0.4398,0.7308,30.4505,-0.5057
1.0000,0.0000,0.5289,0.7333,30.4874,-0.5123
1.0000,-0.0000,0.5335,0.7527,30.4921,-0.5201
1.0000,0.0000,0.5233,0.7525,30.5350,-0.5267
1.0000,0.0000,0.5338,0.7680,30.5358,-0.5322
1.0000,0.0000,0.5338,0.7701,30.5816,-0.5406
1.0000,0.0000,0.5982,0.7652,30.6279,-0.5459
1.0000,-0.0000,0.6171,0.7836,30.6281,-0.5519
1.0000,0.0000,0.6192,0.7854,30.6747,-0.5581
1.0000,-0.0000,0.6298,0.8039,30.6748,-0.5632
1.0000,-0.0000,0.6194,0.7975,30.7215,-0.5676
1.0000,-0.0000,0.6194,0.8224,30.7216,-0.5735
1.0000,0.0000,0.6299,0.8135,30.7684,-0.5778
1.0000,0.0000,0.6943,0.8325,30.7685,-0.5815
1.0000,-0.0000,0.6499,0.8310,30.8155,-0.5863
1.0000,0.0000,0.6320,0.8179,30.8627,-0.5887
1.0000,0.0000,0.6946,0.8370,30.8627,-0.5920
1.0000,-0.0000,0.7249,0.8311,30.9101,-0.5944
1.0000,0.0000,0.7154,0.8528,30.9101,-0.5959
1.0000,-0.0000,0.6511,0.8374,30.9576,-0.5972
1.0000,0.0000,0.6954,0.8241,31.0052,-0.5982
1.0000,0.0000,0.7883,0.8457,31.0053,-0.5988
1.0000,0.0000,0.8090,0.8297,31.0530,-0.5978
1.0000,0.0000,0.7281,0.8593,31.0530,-0.5962
1.0000,-0.0000,0.7158,0.8413,31.1009,-0.5950
1.0000,0.0000,0.6995,0.8221,31.1488,-0.5926
1.0000,0.0000,0.7252,0.8506,31.1488,-0.5890
1.0000,-0.0000,0.7154,0.8339,31.1968,-0.5860
1.0000,-0.0000,0.6246,0.8158,31.2448,-0.5818
1.0000,-0.0000,0.6946,0.8411,31.2449,-0.5762
1.0000,0.0000,0.7133,0.8256,31.2929,-0.5715
1.0000,-0.0000,0.5510,0.8078,31.3409,-0.5654
1.0000,-0.0000,0.5347,0.8291,31.3410,-0.5577
1.0000,0.0000,0.5500,0.8113,31.3889,-0.5515
1.0000,0.0000,0.5090,0.7910,31.4369,-0.5446
1.0000,-0.0000,0.5331,0.7779,31.4847,-0.5345
1.0000,0.0000,0.5232,0.7938,31.4848,-0.5263
1.0000,0.0000,0.4589,0.7762,31.5325,-0.5178
1.0000,-0.0000,0.3450,0.7583,31.5801,-0.5057
1.0000,-0.0000,0.3581,0.7384,31.6276,-0.4959
1.0000,-0.0000,0.3434,0.7486,31.6277,-0.4861
1.0000,0.0000,0.4250,0.7339,31.6751,-0.4716
1.0000,0.0000,0.2627,0.3148,31.8013,-0.4603
1.0000,0.0000,0.3116,0.7102,31.7389,-0.4490
