-1.000000000000000021e-02,-5.000000000000000278e-02,8.000000000000000444e-01,8.000000000000000444e-01,0.000000000000000000e+00
2.399999999999999911e-01,-1.000000000000000056e-01,7.500000000000000000e-01,7.500000000000000000e-01,2.549509756796392579e-01
4.899999999999999911e-01,-1.000000000000000056e-01,7.432999999999999607e-01,7.432999999999999607e-01,5.049509756796393134e-01
7.399999999999999911e-01,-1.000000000000000056e-01,6.999999999999999556e-01,6.999999999999999556e-01,7.549509756796393134e-01
9.899999999999999911e-01,-1.000000000000000056e-01,7.279999999999999805e-01,7.279999999999999805e-01,1.004950975679639313e+00
1.239999999999999991e+00,-1.000000000000000056e-01,7.500000000000000000e-01,7.500000000000000000e-01,1.254950975679639313e+00
1.489999999999999991e+00,-1.000000000000000056e-01,7.279999999999999805e-01,7.279999999999999805e-01,1.504950975679639313e+00
1.739999999999999991e+00,-5.000000000000000278e-02,6.999999999999999556e-01,6.999999999999999556e-01,1.759901951359278627e+00
1.989999999999999991e+00,-5.000000000000000278e-02,7.158999999999999808e-01,7.158999999999999808e-01,2.009901951359278627e+00
2.240000000000000213e+00,-5.000000000000000278e-02,7.500000000000000000e-01,7.500000000000000000e-01,2.259901951359278627e+00
2.490000000000000213e+00,-5.000000000000000278e-02,7.517000000000000348e-01,7.517000000000000348e-01,2.509901951359278627e+00
2.740000000000000213e+00,-5.000000000000000278e-02,7.517000000000000348e-01,7.517000000000000348e-01,2.759901951359278627e+00
2.990000000000000213e+00,-5.000000000000000278e-02,7.500000000000000000e-01,7.500000000000000000e-01,3.009901951359278627e+00
3.240000000000000213e+00,0.000000000000000000e+00,7.500000000000000000e-01,7.500000000000000000e-01,3.264852927038917940e+00
3.490000000000000213e+00,0.000000000000000000e+00,7.517000000000000348e-01,7.517000000000000348e-01,3.514852927038917940e+00
3.740000000000000213e+00,0.000000000000000000e+00,7.517000000000000348e-01,7.517000000000000348e-01,3.764852927038917940e+00
3.990000000000000213e+00,0.000000000000000000e+00,7.500000000000000000e-01,7.500000000000000000e-01,4.014852927038917940e+00
4.240000000000000213e+00,5.000000000000000278e-02,7.500000000000000000e-01,7.500000000000000000e-01,4.269803902718557254e+00
4.490000000000000213e+00,5.000000000000000278e-02,7.500000000000000000e-01,7.500000000000000000e-01,4.519803902718557254e+00
4.740000000000000213e+00,1.000000000000000056e-01,6.999999999999999556e-01,6.999999999999999556e-01,4.774754878398196567e+00
4.990000000000000213e+00,1.000000000000000056e-01,6.999999999999999556e-01,6.999999999999999556e-01,5.024754878398196567e+00
5.240000000000000213e+00,1.000000000000000056e-01,6.999999999999999556e-01,6.999999999999999556e-01,5.274754878398196567e+00
5.490000000000000213e+00,1.000000000000000056e-01,7.158999999999999808e-01,7.158999999999999808e-01,5.524754878398196567e+00
5.740000000000000213e+00,1.000000000000000056e-01,7.500000000000000000e-01,7.500000000000000000e-01,5.774754878398196567e+00
5.990000000000000213e+00,1.000000000000000056e-01,7.500000000000000000e-01,7.500000000000000000e-01,6.024754878398196567e+00
6.240000000000000213e+00,1.499999999999999944e-01,7.070999999999999508e-01,7.070999999999999508e-01,6.279705854077835880e+00
6.490000000000000213e+00,1.499999999999999944e-01,7.500000000000000000e-01,7.500000000000000000e-01,6.529705854077835880e+00
6.740000000000000213e+00,1.499999999999999944e-01,7.517000000000000348e-01,7.517000000000000348e-01,6.779705854077835880e+00
6.990000000000000213e+00,2.000000000000000111e-01,7.158999999999999808e-01,7.158999999999999808e-01,7.034656829757475194e+00
7.240000000000000213e+00,2.000000000000000111e-01,7.500000000000000000e-01,7.500000000000000000e-01,7.284656829757475194e+00
7.490000000000000213e+00,2.000000000000000111e-01,7.500000000000000000e-01,7.500000000000000000e-01,7.534656829757475194e+00
7.740000000000000213e+00,2.000000000000000111e-01,7.500000000000000000e-01,7.500000000000000000e-01,7.784656829757475194e+00
7.990000000000000213e+00,2.000000000000000111e-01,7.500000000000000000e-01,7.500000000000000000e-01,8.034656829757475194e+00
8.240000000000000213e+00,2.000000000000000111e-01,7.500000000000000000e-01,7.500000000000000000e-01,8.284656829757475194e+00
8.490000000000000213e+00,2.500000000000000000e-01,7.500000000000000000e-01,7.500000000000000000e-01,8.539607805437114507e+00
8.740000000000000213e+00,2.500000000000000000e-01,7.500000000000000000e-01,7.500000000000000000e-01,8.789607805437114507e+00
8.990000000000000213e+00,2.500000000000000000e-01,7.500000000000000000e-01,7.500000000000000000e-01,9.039607805437114507e+00
9.240000000000000213e+00,2.999999999999999889e-01,6.999999999999999556e-01,6.999999999999999556e-01,9.294558781116753821e+00
9.490000000000000213e+00,2.999999999999999889e-01,7.279999999999999805e-01,7.279999999999999805e-01,9.544558781116753821e+00
9.740000000000000213e+00,2.999999999999999889e-01,7.500000000000000000e-01,7.500000000000000000e-01,9.794558781116753821e+00
9.990000000000000213e+00,2.999999999999999889e-01,7.500000000000000000e-01,7.500000000000000000e-01,1.004455878111675382e+01
1.024000000000000021e+01,2.999999999999999889e-01,7.500000000000000000e-01,7.500000000000000000e-01,1.029455878111675382e+01
1.049000000000000021e+01,3.499999999999999778e-01,7.432999999999999607e-01,7.432999999999999607e-01,1.054950975679639313e+01
1.074000000000000021e+01,3.499999999999999778e-01,7.500000000000000000e-01,7.500000000000000000e-01,1.079950975679639313e+01
1.099000000000000021e+01,3.499999999999999778e-01,7.500000000000000000e-01,7.500000000000000000e-01,1.104950975679639313e+01
1.124000000000000021e+01,3.499999999999999778e-01,7.500000000000000000e-01,7.500000000000000000e-01,1.129950975679639313e+01
1.149000000000000021e+01,3.499999999999999778e-01,7.070999999999999508e-01,7.070999999999999508e-01,1.154950975679639313e+01
1.174000000000000021e+01,3.499999999999999778e-01,7.158999999999999808e-01,7.158999999999999808e-01,1.179950975679639313e+01
1.199000000000000021e+01,3.499999999999999778e-01,7.500000000000000000e-01,7.500000000000000000e-01,1.204950975679639313e+01
1.224000000000000021e+01,4.000000000000000222e-01,7.762000000000000011e-01,7.762000000000000011e-01,1.230446073247603245e+01
1.249000000000000021e+01,4.000000000000000222e-01,7.905999999999999694e-01,7.905999999999999694e-01,1.255446073247603245e+01
1.274000000000000021e+01,4.500000000000000111e-01,7.500000000000000000e-01,7.500000000000000000e-01,1.280941170815567176e+01
1.299000000000000021e+01,4.500000000000000111e-01,7.566000000000000503e-01,7.566000000000000503e-01,1.305941170815567176e+01
1.324000000000000021e+01,5.000000000000000000e-01,7.070999999999999508e-01,7.070999999999999508e-01,1.331436268383531107e+01
1.349000000000000021e+01,5.000000000000000000e-01,7.500000000000000000e-01,7.500000000000000000e-01,1.356436268383531107e+01
1.374000000000000021e+01,5.000000000000000000e-01,7.500000000000000000e-01,7.500000000000000000e-01,1.381436268383531107e+01
1.399000000000000021e+01,5.000000000000000000e-01,7.500000000000000000e-01,7.500000000000000000e-01,1.406436268383531107e+01
1.424000000000000021e+01,5.500000000000000444e-01,6.999999999999999556e-01,6.999999999999999556e-01,1.431931365951495039e+01
1.449000000000000021e+01,5.500000000000000444e-01,6.999999999999999556e-01,6.999999999999999556e-01,1.456931365951495039e+01
1.474000000000000021e+01,5.500000000000000444e-01,7.158999999999999808e-01,7.158999999999999808e-01,1.481931365951495039e+01
1.499000000000000021e+01,5.500000000000000444e-01,7.500000000000000000e-01,7.500000000000000000e-01,1.506931365951495039e+01
1.524000000000000021e+01,5.500000000000000444e-01,7.500000000000000000e-01,7.500000000000000000e-01,1.531931365951495039e+01
1.549000000000000021e+01,5.500000000000000444e-01,7.762000000000000011e-01,7.762000000000000011e-01,1.556931365951495039e+01
1.574000000000000021e+01,5.500000000000000444e-01,7.905999999999999694e-01,7.905999999999999694e-01,1.581931365951495039e+01
1.599000000000000021e+01,5.500000000000000444e-01,7.500000000000000000e-01,7.500000000000000000e-01,1.606931365951495039e+01
1.623999999999999844e+01,5.999999999999999778e-01,7.500000000000000000e-01,7.500000000000000000e-01,1.632426463519458792e+01
1.648999999999999844e+01,5.999999999999999778e-01,7.517000000000000348e-01,7.517000000000000348e-01,1.657426463519458792e+01
1.673999999999999844e+01,5.999999999999999778e-01,8.000000000000000444e-01,8.000000000000000444e-01,1.682426463519458792e+01
1.698999999999999844e+01,5.999999999999999778e-01,8.000000000000000444e-01,8.000000000000000444e-01,1.707426463519458792e+01
1.723999999999999844e+01,6.500000000000000222e-01,7.500000000000000000e-01,7.500000000000000000e-01,1.732921561087422546e+01
1.748999999999999844e+01,6.500000000000000222e-01,7.500000000000000000e-01,7.500000000000000000e-01,1.757921561087422546e+01
1.773999999999999844e+01,6.500000000000000222e-01,7.905999999999999694e-01,7.905999999999999694e-01,1.782921561087422546e+01
1.798999999999999844e+01,6.500000000000000222e-01,8.000000000000000444e-01,8.000000000000000444e-01,1.807921561087422546e+01
1.823999999999999844e+01,6.999999999999999556e-01,7.500000000000000000e-01,7.500000000000000000e-01,1.833416658655386300e+01
1.848999999999999844e+01,6.999999999999999556e-01,7.905999999999999694e-01,7.905999999999999694e-01,1.858416658655386300e+01
1.873999999999999844e+01,6.999999999999999556e-01,7.649000000000000243e-01,7.649000000000000243e-01,1.883416658655386300e+01
1.898999999999999844e+01,7.500000000000000000e-01,8.000000000000000444e-01,8.000000000000000444e-01,1.908911756223350054e+01
1.923999999999999844e+01,7.500000000000000000e-01,8.000000000000000444e-01,8.000000000000000444e-01,1.933911756223350054e+01
1.948999999999999844e+01,8.000000000000000444e-01,8.000000000000000444e-01,8.000000000000000444e-01,1.959406853791313807e+01
1.973999999999999844e+01,8.000000000000000444e-01,8.000000000000000444e-01,8.000000000000000444e-01,1.984406853791313807e+01
1.998999999999999844e+01,8.499999999999999778e-01,7.500000000000000000e-01,7.500000000000000000e-01,2.009901951359277561e+01
2.023999999999999844e+01,8.499999999999999778e-01,7.500000000000000000e-01,7.500000000000000000e-01,2.034901951359277561e+01
2.048999999999999844e+01,9.000000000000000222e-01,6.999999999999999556e-01,6.999999999999999556e-01,2.060397048927241315e+01
2.073999999999999844e+01,9.000000000000000222e-01,6.999999999999999556e-01,6.999999999999999556e-01,2.085397048927241315e+01
2.098999999999999844e+01,9.000000000000000222e-01,6.999999999999999556e-01,6.999999999999999556e-01,2.110397048927241315e+01
2.123999999999999844e+01,9.000000000000000222e-01,7.017999999999999794e-01,7.017999999999999794e-01,2.135397048927241315e+01
2.148999999999999844e+01,9.000000000000000222e-01,7.500000000000000000e-01,7.500000000000000000e-01,2.160397048927241315e+01
2.173999999999999844e+01,9.000000000000000222e-01,7.500000000000000000e-01,7.500000000000000000e-01,2.185397048927241315e+01
2.198999999999999844e+01,9.000000000000000222e-01,7.500000000000000000e-01,7.500000000000000000e-01,2.210397048927241315e+01
2.223999999999999844e+01,9.499999999999999556e-01,8.000000000000000444e-01,8.000000000000000444e-01,2.235892146495205068e+01
2.248999999999999844e+01,9.499999999999999556e-01,8.000000000000000444e-01,8.000000000000000444e-01,2.260892146495205068e+01
2.273999999999999844e+01,1.000000000000000000e+00,8.062000000000000277e-01,8.062000000000000277e-01,2.286387244063168822e+01
2.298999999999999844e+01,1.000000000000000000e+00,8.000000000000000444e-01,8.000000000000000444e-01,2.311387244063168822e+01
2.308999999999999986e+01,1.250000000000000000e+00,8.499999999999999778e-01,8.499999999999999778e-01,2.338313068098841541e+01
2.303999999999999915e+01,1.500000000000000000e+00,7.905999999999999694e-01,7.905999999999999694e-01,2.363808165666805650e+01
2.303999999999999915e+01,1.750000000000000000e+00,7.500000000000000000e-01,7.500000000000000000e-01,2.388808165666805650e+01
2.303999999999999915e+01,2.000000000000000000e+00,7.500000000000000000e-01,7.500000000000000000e-01,2.413808165666805650e+01
2.303999999999999915e+01,2.250000000000000000e+00,7.500000000000000000e-01,7.500000000000000000e-01,2.438808165666805650e+01
2.303999999999999915e+01,2.500000000000000000e+00,7.566000000000000503e-01,7.566000000000000503e-01,2.463808165666805650e+01
2.303999999999999915e+01,2.750000000000000000e+00,7.500000000000000000e-01,7.500000000000000000e-01,2.488808165666805650e+01
2.298999999999999844e+01,3.000000000000000000e+00,7.500000000000000000e-01,7.500000000000000000e-01,2.514303263234769759e+01
2.298999999999999844e+01,3.250000000000000000e+00,7.500000000000000000e-01,7.500000000000000000e-01,2.539303263234769759e+01
2.294000000000000128e+01,3.500000000000000000e+00,7.158999999999999808e-01,7.158999999999999808e-01,2.564798360802733512e+01
2.294000000000000128e+01,3.750000000000000000e+00,7.500000000000000000e-01,7.500000000000000000e-01,2.589798360802733512e+01
2.294000000000000128e+01,4.000000000000000000e+00,7.500000000000000000e-01,7.500000000000000000e-01,2.614798360802733512e+01
2.294000000000000128e+01,4.250000000000000000e+00,7.762000000000000011e-01,7.762000000000000011e-01,2.639798360802733512e+01
2.289000000000000057e+01,4.500000000000000000e+00,7.500000000000000000e-01,7.500000000000000000e-01,2.665293458370697621e+01
2.289000000000000057e+01,4.750000000000000000e+00,7.500000000000000000e-01,7.500000000000000000e-01,2.690293458370697621e+01
2.289000000000000057e+01,5.000000000000000000e+00,7.500000000000000000e-01,7.500000000000000000e-01,2.715293458370697621e+01
2.289000000000000057e+01,5.250000000000000000e+00,7.500000000000000000e-01,7.500000000000000000e-01,2.740293458370697621e+01
2.283999999999999986e+01,5.500000000000000000e+00,6.999999999999999556e-01,6.999999999999999556e-01,2.765788555938661730e+01
2.283999999999999986e+01,5.750000000000000000e+00,7.432999999999999607e-01,7.432999999999999607e-01,2.790788555938661730e+01
2.283999999999999986e+01,6.000000000000000000e+00,7.500000000000000000e-01,7.500000000000000000e-01,2.815788555938661730e+01
2.283999999999999986e+01,6.250000000000000000e+00,7.500000000000000000e-01,7.500000000000000000e-01,2.840788555938661730e+01
2.283999999999999986e+01,6.500000000000000000e+00,7.432999999999999607e-01,7.432999999999999607e-01,2.865788555938661730e+01
2.283999999999999986e+01,6.750000000000000000e+00,6.999999999999999556e-01,6.999999999999999556e-01,2.890788555938661730e+01
2.278999999999999915e+01,7.000000000000000000e+00,7.500000000000000000e-01,7.500000000000000000e-01,2.916283653506625839e+01
2.278999999999999915e+01,7.250000000000000000e+00,7.500000000000000000e-01,7.500000000000000000e-01,2.941283653506625839e+01
2.278999999999999915e+01,7.500000000000000000e+00,7.762000000000000011e-01,7.762000000000000011e-01,2.966283653506625839e+01
2.278999999999999915e+01,7.750000000000000000e+00,7.500000000000000000e-01,7.500000000000000000e-01,2.991283653506625839e+01
2.273999999999999844e+01,8.000000000000000000e+00,7.905999999999999694e-01,7.905999999999999694e-01,3.016778751074589948e+01
2.273999999999999844e+01,8.250000000000000000e+00,7.500000000000000000e-01,7.500000000000000000e-01,3.041778751074589948e+01
2.273999999999999844e+01,8.500000000000000000e+00,7.500000000000000000e-01,7.500000000000000000e-01,3.066778751074589948e+01
2.269000000000000128e+01,8.750000000000000000e+00,7.500000000000000000e-01,7.500000000000000000e-01,3.092273848642553702e+01
2.269000000000000128e+01,9.000000000000000000e+00,7.566000000000000503e-01,7.566000000000000503e-01,3.117273848642553702e+01
2.264000000000000057e+01,9.250000000000000000e+00,7.825999999999999623e-01,7.825999999999999623e-01,3.142768946210517811e+01
2.264000000000000057e+01,9.500000000000000000e+00,8.000000000000000444e-01,8.000000000000000444e-01,3.167768946210517811e+01
2.248999999999999844e+01,9.650000000000000355e+00,8.000000000000000444e-01,8.000000000000000444e-01,3.188982149646114550e+01
2.223999999999999844e+01,9.650000000000000355e+00,8.000000000000000444e-01,8.000000000000000444e-01,3.213982149646114550e+01
2.198999999999999844e+01,9.650000000000000355e+00,7.517000000000000348e-01,7.517000000000000348e-01,3.238982149646114550e+01
2.173999999999999844e+01,9.650000000000000355e+00,7.500000000000000000e-01,7.500000000000000000e-01,3.263982149646114550e+01
2.148999999999999844e+01,9.650000000000000355e+00,7.279999999999999805e-01,7.279999999999999805e-01,3.288982149646114550e+01
2.123999999999999844e+01,9.650000000000000355e+00,7.017999999999999794e-01,7.017999999999999794e-01,3.313982149646114550e+01
2.098999999999999844e+01,9.650000000000000355e+00,7.070999999999999508e-01,7.070999999999999508e-01,3.338982149646114550e+01
2.089000000000000057e+01,9.650000000000000355e+00,6.999999999999999556e-01,6.999999999999999556e-01,3.348982149646114692e+01
2.064000000000000057e+01,9.599999999999999645e+00,7.500000000000000000e-01,7.500000000000000000e-01,3.374477247214078801e+01
2.039000000000000057e+01,9.599999999999999645e+00,7.432999999999999607e-01,7.432999999999999607e-01,3.399477247214078801e+01
2.014000000000000057e+01,9.599999999999999645e+00,6.999999999999999556e-01,6.999999999999999556e-01,3.424477247214078801e+01
1.989000000000000057e+01,9.599999999999999645e+00,6.999999999999999556e-01,6.999999999999999556e-01,3.449477247214078801e+01
1.964000000000000057e+01,9.599999999999999645e+00,6.999999999999999556e-01,6.999999999999999556e-01,3.474477247214078801e+01
1.939000000000000057e+01,9.550000000000000711e+00,7.500000000000000000e-01,7.500000000000000000e-01,3.499972344782042910e+01
1.914000000000000057e+01,9.550000000000000711e+00,7.500000000000000000e-01,7.500000000000000000e-01,3.524972344782042910e+01
1.889000000000000057e+01,9.550000000000000711e+00,7.017999999999999794e-01,7.017999999999999794e-01,3.549972344782042910e+01
1.864000000000000057e+01,9.550000000000000711e+00,7.070999999999999508e-01,7.070999999999999508e-01,3.574972344782042910e+01
1.839000000000000057e+01,9.500000000000000000e+00,7.500000000000000000e-01,7.500000000000000000e-01,3.600467442350007019e+01
1.814000000000000057e+01,9.500000000000000000e+00,7.500000000000000000e-01,7.500000000000000000e-01,3.625467442350007019e+01
1.789000000000000057e+01,9.449999999999999289e+00,7.500000000000000000e-01,7.500000000000000000e-01,3.650962539917971128e+01
1.764000000000000057e+01,9.449999999999999289e+00,7.500000000000000000e-01,7.500000000000000000e-01,3.675962539917971128e+01
1.739000000000000057e+01,9.449999999999999289e+00,7.500000000000000000e-01,7.500000000000000000e-01,3.700962539917971128e+01
1.714000000000000057e+01,9.449999999999999289e+00,7.500000000000000000e-01,7.500000000000000000e-01,3.725962539917971128e+01
1.689000000000000057e+01,9.449999999999999289e+00,7.500000000000000000e-01,7.500000000000000000e-01,3.750962539917971128e+01
1.664000000000000057e+01,9.449999999999999289e+00,7.762000000000000011e-01,7.762000000000000011e-01,3.775962539917971128e+01
1.639000000000000057e+01,9.400000000000000355e+00,7.500000000000000000e-01,7.500000000000000000e-01,3.801457637485935237e+01
1.614000000000000057e+01,9.400000000000000355e+00,7.500000000000000000e-01,7.500000000000000000e-01,3.826457637485935237e+01
1.589000000000000057e+01,9.400000000000000355e+00,7.279999999999999805e-01,7.279999999999999805e-01,3.851457637485935237e+01
1.564000000000000057e+01,9.400000000000000355e+00,7.017999999999999794e-01,7.017999999999999794e-01,3.876457637485935237e+01
1.539000000000000057e+01,9.400000000000000355e+00,7.500000000000000000e-01,7.500000000000000000e-01,3.901457637485935237e+01
1.514000000000000057e+01,9.400000000000000355e+00,7.500000000000000000e-01,7.500000000000000000e-01,3.926457637485935237e+01
1.489000000000000057e+01,9.349999999999999645e+00,6.999999999999999556e-01,6.999999999999999556e-01,3.951952735053899346e+01
1.464000000000000057e+01,9.349999999999999645e+00,7.279999999999999805e-01,7.279999999999999805e-01,3.976952735053899346e+01
1.439000000000000057e+01,9.349999999999999645e+00,7.158999999999999808e-01,7.158999999999999808e-01,4.001952735053899346e+01
1.414000000000000057e+01,9.349999999999999645e+00,6.999999999999999556e-01,6.999999999999999556e-01,4.026952735053899346e+01
1.389000000000000057e+01,9.300000000000000711e+00,7.500000000000000000e-01,7.500000000000000000e-01,4.052447832621863455e+01
1.364000000000000057e+01,9.300000000000000711e+00,7.500000000000000000e-01,7.500000000000000000e-01,4.077447832621863455e+01
1.339000000000000057e+01,9.300000000000000711e+00,7.279999999999999805e-01,7.279999999999999805e-01,4.102447832621863455e+01
1.314000000000000057e+01,9.250000000000000000e+00,7.517000000000000348e-01,7.517000000000000348e-01,4.127942930189827564e+01
1.289000000000000057e+01,9.250000000000000000e+00,7.500000000000000000e-01,7.500000000000000000e-01,4.152942930189827564e+01
1.264000000000000057e+01,9.250000000000000000e+00,7.500000000000000000e-01,7.500000000000000000e-01,4.177942930189827564e+01
1.239000000000000057e+01,9.250000000000000000e+00,7.500000000000000000e-01,7.500000000000000000e-01,4.202942930189827564e+01
1.214000000000000057e+01,9.250000000000000000e+00,7.017999999999999794e-01,7.017999999999999794e-01,4.227942930189827564e+01
1.189000000000000057e+01,9.199999999999999289e+00,7.500000000000000000e-01,7.500000000000000000e-01,4.253438027757791673e+01
1.164000000000000057e+01,9.199999999999999289e+00,7.500000000000000000e-01,7.500000000000000000e-01,4.278438027757791673e+01
1.139000000000000057e+01,9.199999999999999289e+00,7.500000000000000000e-01,7.500000000000000000e-01,4.303438027757791673e+01
1.114000000000000057e+01,9.199999999999999289e+00,7.500000000000000000e-01,7.500000000000000000e-01,4.328438027757791673e+01
1.089000000000000057e+01,9.150000000000000355e+00,7.500000000000000000e-01,7.500000000000000000e-01,4.353933125325755782e+01
1.064000000000000057e+01,9.150000000000000355e+00,7.500000000000000000e-01,7.500000000000000000e-01,4.378933125325755782e+01
1.039000000000000057e+01,9.150000000000000355e+00,7.500000000000000000e-01,7.500000000000000000e-01,4.403933125325755782e+01
1.014000000000000057e+01,9.150000000000000355e+00,7.279999999999999805e-01,7.279999999999999805e-01,4.428933125325755782e+01
9.890000000000000568e+00,9.099999999999999645e+00,7.432999999999999607e-01,7.432999999999999607e-01,4.454428222893719891e+01
9.640000000000000568e+00,9.099999999999999645e+00,7.432999999999999607e-01,7.432999999999999607e-01,4.479428222893719891e+01
9.390000000000000568e+00,9.099999999999999645e+00,6.999999999999999556e-01,6.999999999999999556e-01,4.504428222893719891e+01
9.140000000000000568e+00,9.099999999999999645e+00,7.432999999999999607e-01,7.432999999999999607e-01,4.529428222893719891e+01
8.890000000000000568e+00,9.099999999999999645e+00,7.500000000000000000e-01,7.500000000000000000e-01,4.554428222893719891e+01
8.640000000000000568e+00,9.099999999999999645e+00,7.500000000000000000e-01,7.500000000000000000e-01,4.579428222893719891e+01
8.390000000000000568e+00,9.099999999999999645e+00,7.070999999999999508e-01,7.070999999999999508e-01,4.604428222893719891e+01
8.140000000000000568e+00,9.050000000000000711e+00,7.500000000000000000e-01,7.500000000000000000e-01,4.629923320461684000e+01
7.889999999999999680e+00,9.050000000000000711e+00,7.500000000000000000e-01,7.500000000000000000e-01,4.654923320461684000e+01
7.639999999999999680e+00,9.050000000000000711e+00,7.500000000000000000e-01,7.500000000000000000e-01,4.679923320461684000e+01
7.389999999999999680e+00,9.050000000000000711e+00,7.500000000000000000e-01,7.500000000000000000e-01,4.704923320461684000e+01
7.139999999999999680e+00,9.050000000000000711e+00,7.500000000000000000e-01,7.500000000000000000e-01,4.729923320461684000e+01
6.889999999999999680e+00,9.000000000000000000e+00,7.500000000000000000e-01,7.500000000000000000e-01,4.755418418029648109e+01
6.639999999999999680e+00,9.000000000000000000e+00,7.649000000000000243e-01,7.649000000000000243e-01,4.780418418029648109e+01
6.389999999999999680e+00,9.000000000000000000e+00,7.279999999999999805e-01,7.279999999999999805e-01,4.805418418029648109e+01
6.139999999999999680e+00,9.000000000000000000e+00,6.999999999999999556e-01,6.999999999999999556e-01,4.830418418029648109e+01
5.889999999999999680e+00,8.949999999999999289e+00,7.762000000000000011e-01,7.762000000000000011e-01,4.855913515597612218e+01
5.639999999999999680e+00,8.949999999999999289e+00,8.499999999999999778e-01,8.499999999999999778e-01,4.880913515597612218e+01
5.389999999999999680e+00,8.900000000000000355e+00,7.649000000000000243e-01,7.649000000000000243e-01,4.906408613165576327e+01
5.139999999999999680e+00,8.900000000000000355e+00,7.500000000000000000e-01,7.500000000000000000e-01,4.931408613165576327e+01
4.889999999999999680e+00,8.900000000000000355e+00,7.500000000000000000e-01,7.500000000000000000e-01,4.956408613165576327e+01
4.639999999999999680e+00,8.900000000000000355e+00,7.500000000000000000e-01,7.500000000000000000e-01,4.981408613165576327e+01
4.389999999999999680e+00,8.900000000000000355e+00,7.500000000000000000e-01,7.500000000000000000e-01,5.006408613165576327e+01
4.139999999999999680e+00,8.900000000000000355e+00,7.017999999999999794e-01,7.017999999999999794e-01,5.031408613165576327e+01
3.890000000000000124e+00,8.849999999999999645e+00,7.500000000000000000e-01,7.500000000000000000e-01,5.056903710733540436e+01
3.640000000000000124e+00,8.849999999999999645e+00,7.500000000000000000e-01,7.500000000000000000e-01,5.081903710733540436e+01
3.390000000000000124e+00,8.849999999999999645e+00,7.500000000000000000e-01,7.500000000000000000e-01,5.106903710733540436e+01
3.140000000000000124e+00,8.849999999999999645e+00,7.432999999999999607e-01,7.432999999999999607e-01,5.131903710733540436e+01
2.890000000000000124e+00,8.800000000000000711e+00,7.500000000000000000e-01,7.500000000000000000e-01,5.157398808301504545e+01
2.640000000000000124e+00,8.800000000000000711e+00,7.500000000000000000e-01,7.500000000000000000e-01,5.182398808301504545e+01
2.390000000000000124e+00,8.800000000000000711e+00,7.500000000000000000e-01,7.500000000000000000e-01,5.207398808301504545e+01
2.140000000000000124e+00,8.800000000000000711e+00,7.279999999999999805e-01,7.279999999999999805e-01,5.232398808301504545e+01
1.889999999999999902e+00,8.800000000000000711e+00,6.999999999999999556e-01,6.999999999999999556e-01,5.257398808301504545e+01
1.639999999999999902e+00,8.750000000000000000e+00,7.500000000000000000e-01,7.500000000000000000e-01,5.282893905869468654e+01
1.389999999999999902e+00,8.750000000000000000e+00,7.500000000000000000e-01,7.500000000000000000e-01,5.307893905869468654e+01
1.139999999999999902e+00,8.750000000000000000e+00,7.500000000000000000e-01,7.500000000000000000e-01,5.332893905869468654e+01
8.900000000000000133e-01,8.750000000000000000e+00,7.017999999999999794e-01,7.017999999999999794e-01,5.357893905869468654e+01
6.400000000000000133e-01,8.750000000000000000e+00,6.999999999999999556e-01,6.999999999999999556e-01,5.382893905869468654e+01
3.900000000000000133e-01,8.699999999999999289e+00,7.500000000000000000e-01,7.500000000000000000e-01,5.408389003437432763e+01
1.400000000000000133e-01,8.650000000000000355e+00,7.762000000000000011e-01,7.762000000000000011e-01,5.433884101005396872e+01
-1.100000000000000006e-01,8.650000000000000355e+00,7.649000000000000243e-01,7.649000000000000243e-01,5.458884101005396872e+01
-3.599999999999999867e-01,8.650000000000000355e+00,7.500000000000000000e-01,7.500000000000000000e-01,5.483884101005396872e+01
-4.600000000000000200e-01,8.400000000000000355e+00,7.649000000000000243e-01,7.649000000000000243e-01,5.510809925041069590e+01
-4.600000000000000200e-01,8.150000000000000355e+00,7.500000000000000000e-01,7.500000000000000000e-01,5.535809925041069590e+01
-4.099999999999999756e-01,7.900000000000000355e+00,7.500000000000000000e-01,7.500000000000000000e-01,5.561305022609033699e+01
-4.099999999999999756e-01,7.650000000000000355e+00,7.500000000000000000e-01,7.500000000000000000e-01,5.586305022609033699e+01
-4.099999999999999756e-01,7.400000000000000355e+00,7.762000000000000011e-01,7.762000000000000011e-01,5.611305022609033699e+01
-4.099999999999999756e-01,7.150000000000000355e+00,7.158999999999999808e-01,7.158999999999999808e-01,5.636305022609033699e+01
-4.099999999999999756e-01,6.900000000000000355e+00,7.070999999999999508e-01,7.070999999999999508e-01,5.661305022609033699e+01
-3.599999999999999867e-01,6.650000000000000355e+00,7.500000000000000000e-01,7.500000000000000000e-01,5.686800120176997808e+01
-3.599999999999999867e-01,6.400000000000000355e+00,7.500000000000000000e-01,7.500000000000000000e-01,5.711800120176997808e+01
-3.599999999999999867e-01,6.150000000000000355e+00,7.279999999999999805e-01,7.279999999999999805e-01,5.736800120176997808e+01
-3.599999999999999867e-01,5.900000000000000355e+00,7.017999999999999794e-01,7.017999999999999794e-01,5.761800120176997808e+01
-3.599999999999999867e-01,5.650000000000000355e+00,7.432999999999999607e-01,7.432999999999999607e-01,5.786800120176997808e+01
-3.599999999999999867e-01,5.400000000000000355e+00,6.999999999999999556e-01,6.999999999999999556e-01,5.811800120176997808e+01
-3.599999999999999867e-01,5.150000000000000355e+00,7.017999999999999794e-01,7.017999999999999794e-01,5.836800120176997808e+01
-3.599999999999999867e-01,4.900000000000000355e+00,6.999999999999999556e-01,6.999999999999999556e-01,5.861800120176997808e+01
-3.599999999999999867e-01,4.650000000000000355e+00,7.432999999999999607e-01,7.432999999999999607e-01,5.886800120176997808e+01
-3.599999999999999867e-01,4.400000000000000355e+00,7.070999999999999508e-01,7.070999999999999508e-01,5.911800120176997808e+01
-2.600000000000000089e-01,4.150000000000000355e+00,8.000000000000000444e-01,8.000000000000000444e-01,5.938725944212670527e+01
-2.600000000000000089e-01,3.899999999999999911e+00,8.000000000000000444e-01,8.000000000000000444e-01,5.963725944212670527e+01
-2.099999999999999922e-01,3.649999999999999911e+00,7.500000000000000000e-01,7.500000000000000000e-01,5.989221041780634636e+01
-2.099999999999999922e-01,3.399999999999999911e+00,7.500000000000000000e-01,7.500000000000000000e-01,6.014221041780634636e+01
-2.099999999999999922e-01,3.149999999999999911e+00,7.500000000000000000e-01,7.500000000000000000e-01,6.039221041780634636e+01
-2.099999999999999922e-01,2.899999999999999911e+00,7.500000000000000000e-01,7.500000000000000000e-01,6.064221041780634636e+01
-2.099999999999999922e-01,2.649999999999999911e+00,7.500000000000000000e-01,7.500000000000000000e-01,6.089221041780634636e+01
-2.099999999999999922e-01,2.399999999999999911e+00,7.500000000000000000e-01,7.500000000000000000e-01,6.114221041780634636e+01
-2.099999999999999922e-01,2.149999999999999911e+00,7.500000000000000000e-01,7.500000000000000000e-01,6.139221041780634636e+01
-1.600000000000000033e-01,1.899999999999999911e+00,7.500000000000000000e-01,7.500000000000000000e-01,6.164716139348598745e+01
-1.600000000000000033e-01,1.649999999999999911e+00,7.500000000000000000e-01,7.500000000000000000e-01,6.189716139348598745e+01
-1.600000000000000033e-01,1.399999999999999911e+00,7.158999999999999808e-01,7.158999999999999808e-01,6.214716139348598745e+01
-1.600000000000000033e-01,1.149999999999999911e+00,6.999999999999999556e-01,6.999999999999999556e-01,6.239716139348598745e+01
-1.100000000000000006e-01,9.000000000000000222e-01,7.279999999999999805e-01,7.279999999999999805e-01,6.265211236916562854e+01
-1.100000000000000006e-01,6.500000000000000222e-01,7.500000000000000000e-01,7.500000000000000000e-01,6.290211236916562854e+01
-1.100000000000000006e-01,4.000000000000000222e-01,7.070999999999999508e-01,7.070999999999999508e-01,6.315211236916562854e+01
-1.100000000000000006e-01,1.499999999999999944e-01,6.999999999999999556e-01,6.999999999999999556e-01,6.340211236916562854e+01
-1.000000000000000021e-02,-5.000000000000000278e-02,8.000000000000000444e-01,8.000000000000000444e-01,6.362571916691560858e+01
