0.000000000000000000e+00,2.999999999999999889e-01,1.199999999999999956e+00,1.199999999999999956e+00,0.000000000000000000e+00
4.627888086470857004e-02,2.906542078151281294e-01,1.199999999999999956e+00,1.199999999999999956e+00,5.000000000000000278e-02
9.268755540181181085e-02,2.816641982409484601e-01,1.199999999999999956e+00,1.199999999999999956e+00,1.000000000000000056e-01
1.392232327205724651e-01,2.730215338749590326e-01,1.199999999999999956e+00,1.199999999999999956e+00,1.500000000000000222e-01
1.858831219302531090e-01,2.647177773146573987e-01,1.199999999999999956e+00,1.199999999999999956e+00,2.000000000000000111e-01
2.326644321401166171e-01,2.567444911575413879e-01,1.199999999999999956e+00,1.199999999999999956e+00,2.500000000000000000e-01
2.795643724594257251e-01,2.490932380011086911e-01,1.199999999999999956e+00,1.199999999999999956e+00,3.000000000000000444e-01
3.265801519974428913e-01,2.417555804428571375e-01,1.199999999999999956e+00,1.199999999999999956e+00,3.500000000000000333e-01
3.737089798634310456e-01,2.347230810802845291e-01,1.199999999999999956e+00,1.199999999999999956e+00,4.000000000000000222e-01
4.209480651666528406e-01,2.279873025108885842e-01,1.199999999999999956e+00,1.199999999999999956e+00,4.500000000000000111e-01
4.682946170163709843e-01,2.215398073321670769e-01,1.199999999999999956e+00,1.199999999999999956e+00,5.000000000000000000e-01
5.157458445218482401e-01,2.153721581416177533e-01,1.199999999999999956e+00,1.199999999999999956e+00,5.500000000000000444e-01
5.632989567923474272e-01,2.094759175367384707e-01,1.199999999999999956e+00,1.199999999999999956e+00,6.000000000000000888e-01
6.109511629371306984e-01,2.038426481150268643e-01,1.199999999999999956e+00,1.199999999999999956e+00,6.500000000000000222e-01
6.586996720654616500e-01,1.984639124739807914e-01,1.199999999999999956e+00,1.199999999999999956e+00,7.000000000000000666e-01
7.065416932866022126e-01,1.933312732110979704e-01,1.199999999999999956e+00,1.199999999999999956e+00,7.500000000000000000e-01
7.544744357098155385e-01,1.884362929238762585e-01,1.199999999999999956e+00,1.199999999999999956e+00,8.000000000000000444e-01
8.024951084443642246e-01,1.837705342098132910e-01,1.199999999999999956e+00,1.199999999999999956e+00,8.500000000000000888e-01
8.506009205995108680e-01,1.793255596664068974e-01,1.199999999999999956e+00,1.199999999999999956e+00,9.000000000000000222e-01
8.987890812845182875e-01,1.750929318911549071e-01,1.199999999999999956e+00,1.199999999999999956e+00,9.500000000000000666e-01
9.470567996086491913e-01,1.710642134815549831e-01,1.199999999999999956e+00,1.199999999999999956e+00,1.000000000000000000e+00
9.954012846811663984e-01,1.672309670351049271e-01,1.199999999999999956e+00,1.199999999999999956e+00,1.050000000000000044e+00
1.043819745611332506e+00,1.635847551493025132e-01,1.199999999999999956e+00,1.199999999999999956e+00,1.100000000000000089e+00
1.092309391508410110e+00,1.601171404216455152e-01,1.199999999999999956e+00,1.199999999999999956e+00,1.150000000000000133e+00
1.140867431481662253e+00,1.568196854496317072e-01,1.199999999999999956e+00,1.199999999999999956e+00,1.200000000000000178e+00
1.189491074640350865e+00,1.536839528307588632e-01,1.199999999999999956e+00,1.199999999999999956e+00,1.250000000000000000e+00
1.238177530093739875e+00,1.507015051625246738e-01,1.199999999999999956e+00,1.199999999999999956e+00,1.300000000000000044e+00
1.286924006951090993e+00,1.478639050424270240e-01,1.199999999999999956e+00,1.199999999999999956e+00,1.350000000000000089e+00
1.335727714321667481e+00,1.451627150679635492e-01,1.199999999999999956e+00,1.199999999999999956e+00,1.400000000000000133e+00
1.384585861314731936e+00,1.425894978366321064e-01,1.199999999999999956e+00,1.199999999999999956e+00,1.450000000000000178e+00
1.433495657039546733e+00,1.401358159459304698e-01,1.199999999999999956e+00,1.199999999999999956e+00,1.500000000000000000e+00
1.482454310605374692e+00,1.377932319933563299e-01,1.199999999999999956e+00,1.199999999999999956e+00,1.550000000000000044e+00
1.531459031121479075e+00,1.355533085764075441e-01,1.199999999999999956e+00,1.199999999999999956e+00,1.600000000000000089e+00
1.580507027697122258e+00,1.334076082925818030e-01,1.199999999999999956e+00,1.199999999999999956e+00,1.650000000000000133e+00
1.629595509441566614e+00,1.313476937393769084e-01,1.199999999999999956e+00,1.199999999999999956e+00,1.700000000000000178e+00
1.678721685464074964e+00,1.293651275142906620e-01,1.199999999999999956e+00,1.199999999999999956e+00,1.750000000000000000e+00
1.727882764873910570e+00,1.274514722148207546e-01,1.199999999999999956e+00,1.199999999999999956e+00,1.800000000000000044e+00
1.777075956780335808e+00,1.255982904384649879e-01,1.199999999999999956e+00,1.199999999999999956e+00,1.850000000000000089e+00
1.826298470292613274e+00,1.237971447827211496e-01,1.199999999999999956e+00,1.199999999999999956e+00,1.900000000000000133e+00
1.875547514520005787e+00,1.220395978450869862e-01,1.199999999999999956e+00,1.199999999999999956e+00,1.950000000000000178e+00
1.924820298571775501e+00,1.203172122230602714e-01,1.199999999999999956e+00,1.199999999999999956e+00,2.000000000000000000e+00
1.974114031557186122e+00,1.186215505141387516e-01,1.199999999999999956e+00,1.199999999999999956e+00,2.050000000000000266e+00
2.023425922585500025e+00,1.169441753158202285e-01,1.199999999999999956e+00,1.199999999999999956e+00,2.100000000000000089e+00
2.072753180765979142e+00,1.152766492256024622e-01,1.199999999999999956e+00,1.199999999999999956e+00,2.149999999999999911e+00
2.122093015207887401e+00,1.136105348409831572e-01,1.199999999999999956e+00,1.199999999999999956e+00,2.200000000000000178e+00
2.171442635020486733e+00,1.119373947594601848e-01,1.199999999999999956e+00,1.199999999999999956e+00,2.250000000000000000e+00
2.220799249313040402e+00,1.102487915785312356e-01,1.199999999999999956e+00,1.199999999999999956e+00,2.300000000000000266e+00
2.270160067194810338e+00,1.085362878956940835e-01,1.199999999999999956e+00,1.199999999999999956e+00,2.350000000000000089e+00
2.319522297775060249e+00,1.067914463084465027e-01,1.199999999999999956e+00,1.199999999999999956e+00,2.400000000000000355e+00
2.368883150163052065e+00,1.050058294142862947e-01,1.199999999999999956e+00,1.199999999999999956e+00,2.450000000000000178e+00
2.418239833468048605e+00,1.031709998107112058e-01,1.199999999999999956e+00,1.199999999999999956e+00,2.500000000000000000e+00
2.467589556799312245e+00,1.012785200952189685e-01,1.199999999999999956e+00,1.199999999999999956e+00,2.550000000000000266e+00
2.516929547683174118e+00,9.932006674651876199e-02,1.199999999999999956e+00,1.199999999999999956e+00,2.600000000000000089e+00
2.566258064447975329e+00,9.729369016690962713e-02,1.199999999999999956e+00,1.199999999999999956e+00,2.650000000000000355e+00
2.615574921888832449e+00,9.520706510963962421e-02,1.199999999999999956e+00,1.199999999999999956e+00,2.700000000000000178e+00
2.664880063979784275e+00,9.306866510071472309e-02,1.199999999999999956e+00,1.199999999999999956e+00,2.750000000000000000e+00
2.714173434694869602e+00,9.088696366614089361e-02,1.199999999999999956e+00,1.199999999999999956e+00,2.800000000000000266e+00
2.763454978008125007e+00,8.867043433192413338e-02,1.199999999999999956e+00,1.199999999999999956e+00,2.850000000000000089e+00
2.812724637893589286e+00,8.642755062407038447e-02,1.199999999999999956e+00,1.199999999999999956e+00,2.900000000000000355e+00
2.861982358325299458e+00,8.416678606858570000e-02,1.199999999999999956e+00,1.199999999999999956e+00,2.950000000000000178e+00
2.911228083277294765e+00,8.189661419147599430e-02,1.199999999999999956e+00,1.199999999999999956e+00,3.000000000000000000e+00
2.960461756723613114e+00,7.962550851874727886e-02,1.199999999999999956e+00,1.199999999999999956e+00,3.050000000000000266e+00
3.009683322638290637e+00,7.736194257640552352e-02,1.199999999999999956e+00,1.199999999999999956e+00,3.100000000000000089e+00
3.058892724995367463e+00,7.511438989045669812e-02,1.199999999999999956e+00,1.199999999999999956e+00,3.150000000000000355e+00
3.108089907768880167e+00,7.289132398690678638e-02,1.199999999999999956e+00,1.199999999999999956e+00,3.200000000000000178e+00
3.157274814932867546e+00,7.070121839176179979e-02,1.199999999999999956e+00,1.199999999999999956e+00,3.250000000000000000e+00
3.206447390461367064e+00,6.855254663102766655e-02,1.199999999999999956e+00,1.199999999999999956e+00,3.300000000000000266e+00
3.255607578328416629e+00,6.645378223071039814e-02,1.199999999999999956e+00,1.199999999999999956e+00,3.350000000000000089e+00
3.304755322508055482e+00,6.441339871681595053e-02,1.199999999999999956e+00,1.199999999999999956e+00,3.400000000000000355e+00
3.353890566974319309e+00,6.243986961535034907e-02,1.199999999999999956e+00,1.199999999999999956e+00,3.450000000000000178e+00
3.403013255701246909e+00,6.054166845231953586e-02,1.199999999999999956e+00,1.199999999999999956e+00,3.500000000000000000e+00
3.452123332662877520e+00,5.872726875372947380e-02,1.199999999999999956e+00,1.199999999999999956e+00,3.550000000000000266e+00
3.501220741833248162e+00,5.700514404558620213e-02,1.199999999999999956e+00,1.199999999999999956e+00,3.600000000000000089e+00
3.550305427186396745e+00,5.538376785389563517e-02,1.199999999999999956e+00,1.199999999999999956e+00,3.650000000000000355e+00
3.599377332696360732e+00,5.387161370466379828e-02,1.199999999999999956e+00,1.199999999999999956e+00,3.700000000000000178e+00
3.648436402337178475e+00,5.247715512389666132e-02,1.199999999999999956e+00,1.199999999999999956e+00,3.750000000000000000e+00
3.697482580082888770e+00,5.120886563760018023e-02,1.199999999999999956e+00,1.199999999999999956e+00,3.800000000000000266e+00
3.746515809907528638e+00,5.007521877178036651e-02,1.199999999999999956e+00,1.199999999999999956e+00,3.850000000000000089e+00
3.795536446068122238e+00,4.908503843001309902e-02,1.199999999999999956e+00,1.199999999999999956e+00,3.900000000000000355e+00
3.844546875209275072e+00,4.824888415456235480e-02,1.199999999999999956e+00,1.199999999999999956e+00,3.950000000000000178e+00
3.893550112141856534e+00,4.757785193540228080e-02,1.199999999999999956e+00,1.199999999999999956e+00,4.000000000000000000e+00
3.942549171860451285e+00,4.708303791939987687e-02,1.199999999999999956e+00,1.199999999999999956e+00,4.049999999999999822e+00
3.991547069359646205e+00,4.677553825342214283e-02,1.199999999999999956e+00,1.199999999999999956e+00,4.100000000000000533e+00
4.040546819634024622e+00,4.666644908433606465e-02,1.199999999999999956e+00,1.199999999999999956e+00,4.150000000000000355e+00
4.089551437678173862e+00,4.676686655900863521e-02,1.199999999999999956e+00,1.199999999999999956e+00,4.200000000000000178e+00
4.138563938486677252e+00,4.708788682430686823e-02,1.199999999999999956e+00,1.199999999999999956e+00,4.250000000000000000e+00
4.187587337054123005e+00,4.764060602709773579e-02,1.199999999999999956e+00,1.199999999999999956e+00,4.299999999999999822e+00
4.236624648375094893e+00,4.843612031424826547e-02,1.199999999999999956e+00,1.199999999999999956e+00,4.350000000000000533e+00
4.285678887444177576e+00,4.948552583262540161e-02,1.199999999999999956e+00,1.199999999999999956e+00,4.400000000000000355e+00
4.334753069255958380e+00,5.079991872909617179e-02,1.199999999999999956e+00,1.199999999999999956e+00,4.450000000000000178e+00
4.383850208805021076e+00,5.239039515052756196e-02,1.199999999999999956e+00,1.199999999999999956e+00,4.500000000000000000e+00
4.432973321085952101e+00,5.426805124378657197e-02,1.199999999999999956e+00,1.199999999999999956e+00,4.549999999999999822e+00
4.482125421093338780e+00,5.644398315574021552e-02,1.199999999999999956e+00,1.199999999999999956e+00,4.600000000000000533e+00
4.531309523821762220e+00,5.892928703325543693e-02,1.199999999999999956e+00,1.199999999999999956e+00,4.650000000000000355e+00
4.580528644265810634e+00,6.173505902319926381e-02,1.199999999999999956e+00,1.199999999999999956e+00,4.700000000000000178e+00
4.629785797420069571e+00,6.487239527243868209e-02,1.199999999999999956e+00,1.199999999999999956e+00,4.750000000000000000e+00
4.679083998279124579e+00,6.835239192784076101e-02,1.199999999999999956e+00,1.199999999999999956e+00,4.800000000000000711e+00
4.728426261837559430e+00,7.218614513627234774e-02,1.199999999999999956e+00,1.199999999999999956e+00,4.850000000000000533e+00
4.777815603089959673e+00,7.638475104460053233e-02,1.199999999999999956e+00,1.199999999999999956e+00,4.900000000000000355e+00
4.827255037030913520e+00,8.095930579969227991e-02,1.199999999999999956e+00,1.199999999999999956e+00,4.950000000000000178e+00
4.876747578655003856e+00,8.592090554841458339e-02,1.199999999999999956e+00,1.199999999999999956e+00,5.000000000000000000e+00
4.926296242956817117e+00,9.128064643763456054e-02,1.199999999999999956e+00,1.199999999999999956e+00,5.050000000000000711e+00
4.975904044930938852e+00,9.704962461421898223e-02,1.199999999999999956e+00,1.199999999999999956e+00,5.100000000000000533e+00
5.025572475088870839e+00,1.032395279015947270e-01,1.199999999999999956e+00,1.199999999999999956e+00,5.150000000000000355e+00
5.075270270279313323e+00,1.098747563498782137e-01,1.199999999999999956e+00,1.199999999999999956e+00,5.200000000000000178e+00
5.124934647549078015e+00,1.169919433544808901e-01,1.199999999999999956e+00,1.199999999999999956e+00,5.250000000000000000e+00
5.174501546348150072e+00,1.246282181668234013e-01,1.199999999999999956e+00,1.199999999999999956e+00,5.300000000000000711e+00
5.223906906126511984e+00,1.328207100383260453e-01,1.199999999999999956e+00,1.199999999999999956e+00,5.350000000000000533e+00
5.273086666334147132e+00,1.416065482204094395e-01,1.199999999999999956e+00,1.199999999999999956e+00,5.400000000000000355e+00
5.321976766421039784e+00,1.510228619644941872e-01,1.199999999999999956e+00,1.199999999999999956e+00,5.450000000000000178e+00
5.370513145837172431e+00,1.611067805220007532e-01,1.199999999999999956e+00,1.199999999999999956e+00,5.500000000000000000e+00
5.418631744032532005e+00,1.718954331443499073e-01,1.199999999999999956e+00,1.199999999999999956e+00,5.550000000000000711e+00
5.466268500457097446e+00,1.834259490829618089e-01,1.199999999999999956e+00,1.199999999999999956e+00,5.600000000000000533e+00
5.513359354560854797e+00,1.957354575892571447e-01,1.199999999999999956e+00,1.199999999999999956e+00,5.650000000000000355e+00
5.559840245793787439e+00,2.088610879146564347e-01,1.199999999999999956e+00,1.199999999999999956e+00,5.700000000000000178e+00
5.605647113605879639e+00,2.228399693105802826e-01,1.199999999999999956e+00,1.199999999999999956e+00,5.750000000000000000e+00
5.650715897447114777e+00,2.377092310284494303e-01,1.199999999999999956e+00,1.199999999999999956e+00,5.800000000000000711e+00
5.694982536767473569e+00,2.535060023196838985e-01,1.199999999999999956e+00,1.199999999999999956e+00,5.850000000000000533e+00
5.738382971016942946e+00,2.702674124357044572e-01,1.199999999999999956e+00,1.199999999999999956e+00,5.900000000000000355e+00
5.780853139645505401e+00,2.880305906279317374e-01,1.199999999999999956e+00,1.199999999999999956e+00,5.950000000000000178e+00
5.822328982103145201e+00,3.068326661477861483e-01,1.199999999999999956e+00,1.199999999999999956e+00,6.000000000000000000e+00
5.862746437839844837e+00,3.267107682466886542e-01,1.199999999999999956e+00,1.199999999999999956e+00,6.050000000000000711e+00
5.902041446305588579e+00,3.477020261760590536e-01,1.199999999999999956e+00,1.199999999999999956e+00,6.100000000000000533e+00
5.940149946950358917e+00,3.698435691873182551e-01,1.199999999999999956e+00,1.199999999999999956e+00,6.150000000000000355e+00
5.977007879224141007e+00,3.931725265318867235e-01,1.199999999999999956e+00,1.199999999999999956e+00,6.200000000000000178e+00
6.012551182576917341e+00,4.177260274611850899e-01,1.199999999999999956e+00,1.199999999999999956e+00,6.250000000000000000e+00
6.046715796458672187e+00,4.435412012266343185e-01,1.199999999999999956e+00,1.199999999999999956e+00,6.300000000000000711e+00
6.079437660319388037e+00,4.706551770796539857e-01,1.199999999999999956e+00,1.199999999999999956e+00,6.350000000000000533e+00
6.110652713609050046e+00,4.991050842716651670e-01,1.199999999999999956e+00,1.199999999999999956e+00,6.400000000000000355e+00
6.140296895777641595e+00,5.289280520540882158e-01,1.199999999999999956e+00,1.199999999999999956e+00,6.450000000000000178e+00
6.168306146275144286e+00,5.601612096783439299e-01,1.199999999999999956e+00,1.199999999999999956e+00,6.500000000000000000e+00
6.194616404551544164e+00,5.928416863958532179e-01,1.199999999999999956e+00,1.199999999999999956e+00,6.550000000000000711e+00
6.219174274627718546e+00,6.269984405458085552e-01,1.199999999999999956e+00,1.199999999999999956e+00,6.600000000000000533e+00
6.242008607679158771e+00,6.625974148723298152e-01,1.199999999999999956e+00,1.199999999999999956e+00,6.650000000000000355e+00
6.263186504308225544e+00,6.995752464200610810e-01,1.199999999999999956e+00,1.199999999999999956e+00,6.700000000000000178e+00
6.282775277313980666e+00,7.378684096541489046e-01,1.199999999999999956e+00,1.199999999999999956e+00,6.750000000000000000e+00
6.300842239495478836e+00,7.774133790397408372e-01,1.199999999999999956e+00,1.199999999999999956e+00,6.800000000000000711e+00
6.317454703651779191e+00,8.181466290419825427e-01,1.199999999999999956e+00,1.199999999999999956e+00,6.850000000000000533e+00
6.332679982581941758e+00,8.600046341260210170e-01,1.199999999999999956e+00,1.199999999999999956e+00,6.900000000000000355e+00
6.346585389085023010e+00,9.029238687570034783e-01,1.199999999999999956e+00,1.199999999999999956e+00,6.950000000000000178e+00
6.359238235960083863e+00,9.468408074000764785e-01,1.199999999999999956e+00,1.199999999999999956e+00,7.000000000000000000e+00
6.370705836006178124e+00,9.916919245203874578e-01,1.199999999999999956e+00,1.199999999999999956e+00,7.050000000000000711e+00
6.381055502022369375e+00,1.037413694583082302e+00,1.199999999999999956e+00,1.199999999999999956e+00,7.100000000000000533e+00
6.390354546807712310e+00,1.083942592053307674e+00,1.199999999999999956e+00,1.199999999999999956e+00,7.150000000000000355e+00
6.398670283161265182e+00,1.131215091396210681e+00,1.199999999999999956e+00,1.199999999999999956e+00,7.200000000000000178e+00
6.406070023882088904e+00,1.179167667076938208e+00,1.199999999999999956e+00,1.199999999999999956e+00,7.250000000000000000e+00
6.412621081769240838e+00,1.227736793560637807e+00,1.199999999999999956e+00,1.199999999999999956e+00,7.300000000000000711e+00
6.418390769621777459e+00,1.276858945312454363e+00,1.199999999999999956e+00,1.199999999999999956e+00,7.350000000000000533e+00
6.423446400238759679e+00,1.326470596797536095e+00,1.199999999999999956e+00,1.199999999999999956e+00,7.400000000000000355e+00
6.427855286419244862e+00,1.376508222481028998e+00,1.199999999999999956e+00,1.199999999999999956e+00,7.450000000000000178e+00
6.431684740962289482e+00,1.426908296828080402e+00,1.199999999999999956e+00,1.199999999999999956e+00,7.500000000000000000e+00
6.435002076666955340e+00,1.477607294303838303e+00,1.199999999999999956e+00,1.199999999999999956e+00,7.550000000000000711e+00
6.437874606332298022e+00,1.528541689373446699e+00,1.199999999999999956e+00,1.199999999999999956e+00,7.600000000000000533e+00
6.440369642757378443e+00,1.579647956502053807e+00,1.199999999999999956e+00,1.199999999999999956e+00,7.650000000000000355e+00
6.442554498741251301e+00,1.630862570154806068e+00,1.199999999999999956e+00,1.199999999999999956e+00,7.700000000000000178e+00
6.444496487082978398e+00,1.682122004796850812e+00,1.199999999999999956e+00,1.199999999999999956e+00,7.750000000000000000e+00
6.446262920581616207e+00,1.733362734893335588e+00,1.199999999999999956e+00,1.199999999999999956e+00,7.800000000000000711e+00
6.447921112036222091e+00,1.784521234909405063e+00,1.199999999999999956e+00,1.199999999999999956e+00,7.850000000000000533e+00
6.449538374245858741e+00,1.835533979310207231e+00,1.199999999999999956e+00,1.199999999999999956e+00,7.900000000000000355e+00
6.451177770194210126e+00,1.886342015446721199e+00,1.199999999999999956e+00,1.199999999999999956e+00,7.950000000000000178e+00
6.452860819721681018e+00,1.936931091918070669e+00,1.199999999999999956e+00,1.199999999999999956e+00,8.000000000000000000e+00
6.454585555295288657e+00,1.987312230204124397e+00,1.199999999999999956e+00,1.199999999999999956e+00,8.050000000000000711e+00
6.456349743111290174e+00,2.037496738297377430e+00,1.199999999999999956e+00,1.199999999999999956e+00,8.099999999999999645e+00
6.458151149365941812e+00,2.087495924190330587e+00,1.199999999999999956e+00,1.199999999999999956e+00,8.150000000000000355e+00
6.459987540255502481e+00,2.137321095875480914e+00,1.199999999999999956e+00,1.199999999999999956e+00,8.200000000000001066e+00
6.461856681976228423e+00,2.186983561345324123e+00,1.199999999999999956e+00,1.199999999999999956e+00,8.250000000000000000e+00
6.463756340724378546e+00,2.236494628592361700e+00,1.199999999999999956e+00,1.199999999999999956e+00,8.300000000000000711e+00
6.465684282696209095e+00,2.285865605609087581e+00,1.199999999999999956e+00,1.199999999999999956e+00,8.349999999999999645e+00
6.467638274087977202e+00,2.335107800388003252e+00,1.199999999999999956e+00,1.199999999999999956e+00,8.400000000000000355e+00
6.469616081095942661e+00,2.384232520921606202e+00,1.199999999999999956e+00,1.199999999999999956e+00,8.450000000000001066e+00
6.471615469916359942e+00,2.433251075202391256e+00,1.199999999999999956e+00,1.199999999999999956e+00,8.500000000000000000e+00
6.473634206745488839e+00,2.482174771222860343e+00,1.199999999999999956e+00,1.199999999999999956e+00,8.550000000000000711e+00
6.475670057779584710e+00,2.531014916975506956e+00,1.199999999999999956e+00,1.199999999999999956e+00,8.599999999999999645e+00
6.477720789214907349e+00,2.579782820452833469e+00,1.199999999999999956e+00,1.199999999999999956e+00,8.650000000000000355e+00
6.479784167247713000e+00,2.628489789647336039e+00,1.199999999999999956e+00,1.199999999999999956e+00,8.700000000000001066e+00
6.481857958074258796e+00,2.677147132551510378e+00,1.199999999999999956e+00,1.199999999999999956e+00,8.750000000000000000e+00
6.483939927890802757e+00,2.725766157157857528e+00,1.199999999999999956e+00,1.199999999999999956e+00,8.800000000000000711e+00
6.486027842893602902e+00,2.774358171458873201e+00,1.199999999999999956e+00,1.199999999999999956e+00,8.849999999999999645e+00
6.488119469278913698e+00,2.822934483447058440e+00,1.199999999999999956e+00,1.199999999999999956e+00,8.900000000000000355e+00
6.490212573242996719e+00,2.871506401114908069e+00,1.199999999999999956e+00,1.199999999999999956e+00,8.950000000000001066e+00
6.492304920982107319e+00,2.920085232454919133e+00,1.199999999999999956e+00,1.199999999999999956e+00,9.000000000000000000e+00
6.494394278692504408e+00,2.968682285459593562e+00,1.199999999999999956e+00,1.199999999999999956e+00,9.050000000000000711e+00
6.496478412570443339e+00,3.017308868121424847e+00,1.199999999999999956e+00,1.199999999999999956e+00,9.099999999999999645e+00
6.498555088812182134e+00,3.065976288432914920e+00,1.199999999999999956e+00,1.199999999999999956e+00,9.150000000000000355e+00
6.500622085749816037e+00,3.114695789624406519e+00,1.199999999999999956e+00,1.199999999999999956e+00,9.200000000000001066e+00
6.502678109262138406e+00,3.163473665130137835e+00,1.199999999999999956e+00,1.199999999999999956e+00,9.250000000000000000e+00
6.504723431071504969e+00,3.212307852356129256e+00,1.199999999999999956e+00,1.199999999999999956e+00,9.300000000000000711e+00
6.506758473773804674e+00,3.261195483581039500e+00,1.199999999999999956e+00,1.199999999999999956e+00,9.349999999999999645e+00
6.508783659964927359e+00,3.310133691083531726e+00,1.199999999999999956e+00,1.199999999999999956e+00,9.400000000000000355e+00
6.510799412240761974e+00,3.359119607142265096e+00,1.199999999999999956e+00,1.199999999999999956e+00,9.450000000000001066e+00
6.512806153197198356e+00,3.408150364035897883e+00,1.199999999999999956e+00,1.199999999999999956e+00,9.500000000000000000e+00
6.514804305430125453e+00,3.457223094043093692e+00,1.199999999999999956e+00,1.199999999999999956e+00,9.550000000000000711e+00
6.516794291535432215e+00,3.506334929442511683e+00,1.199999999999999956e+00,1.199999999999999956e+00,9.600000000000001421e+00
6.518776534109006704e+00,3.555483002512809687e+00,1.199999999999999956e+00,1.199999999999999956e+00,9.650000000000000355e+00
6.520751455746739644e+00,3.604664445532652639e+00,1.199999999999999956e+00,1.199999999999999956e+00,9.700000000000001066e+00
6.522719479044519986e+00,3.653876390780696592e+00,1.199999999999999956e+00,1.199999999999999956e+00,9.750000000000000000e+00
6.524681026598236677e+00,3.703115970535605594e+00,1.199999999999999956e+00,1.199999999999999956e+00,9.800000000000000711e+00
6.526636521003778668e+00,3.752380317076038363e+00,1.199999999999999956e+00,1.199999999999999956e+00,9.850000000000001421e+00
6.528586384857034908e+00,3.801666562680653616e+00,1.199999999999999956e+00,1.199999999999999956e+00,9.900000000000000355e+00
6.530531040753896121e+00,3.850971839628115401e+00,1.199999999999999956e+00,1.199999999999999956e+00,9.950000000000001066e+00
6.532470911290248594e+00,3.900293280197080215e+00,1.199999999999999956e+00,1.199999999999999956e+00,1.000000000000000000e+01
6.534406419061983939e+00,3.949628016666211661e+00,1.199999999999999956e+00,1.199999999999999956e+00,1.005000000000000071e+01
6.536337986664991995e+00,3.998973181314169345e+00,1.199999999999999956e+00,1.199999999999999956e+00,1.010000000000000142e+01
6.538266036695159045e+00,4.048325906419611542e+00,1.199999999999999956e+00,1.199999999999999956e+00,1.015000000000000036e+01
6.540190991748376703e+00,4.097683324261200966e+00,1.199999999999999956e+00,1.199999999999999956e+00,1.020000000000000107e+01
6.542113274420533031e+00,4.147042567117596334e+00,1.199999999999999956e+00,1.199999999999999956e+00,1.025000000000000000e+01
6.544033307307516978e+00,4.196400767267459919e+00,1.199999999999999956e+00,1.199999999999999956e+00,1.030000000000000071e+01
6.545951513005218381e+00,4.245755056989450438e+00,1.199999999999999956e+00,1.199999999999999956e+00,1.035000000000000142e+01
6.547868314109526189e+00,4.295102568562227496e+00,1.199999999999999956e+00,1.199999999999999956e+00,1.040000000000000036e+01
6.549784133216330240e+00,4.344440434264455142e+00,1.199999999999999956e+00,1.199999999999999956e+00,1.045000000000000107e+01
6.551699406989017760e+00,4.393766139227322398e+00,1.199999999999999956e+00,1.199999999999999956e+00,1.050000000000000000e+01
6.553614651192396501e+00,4.443079152668862442e+00,1.199999999999999956e+00,1.199999999999999956e+00,1.055000000000000071e+01
6.555530409217831256e+00,4.492379636758945693e+00,1.199999999999999956e+00,1.199999999999999956e+00,1.060000000000000142e+01
6.557447224485505544e+00,4.541667754390430467e+00,1.199999999999999956e+00,1.199999999999999956e+00,1.065000000000000036e+01
6.559365640415608212e+00,4.590943668456180404e+00,1.199999999999999956e+00,1.199999999999999956e+00,1.070000000000000107e+01
6.561286200428321891e+00,4.640207541849052930e+00,1.199999999999999956e+00,1.199999999999999956e+00,1.075000000000000000e+01
6.563209447943834540e+00,4.689459537461912575e+00,1.199999999999999956e+00,1.199999999999999956e+00,1.080000000000000071e+01
6.565135926382330567e+00,4.738699818187618540e+00,1.199999999999999956e+00,1.199999999999999956e+00,1.085000000000000142e+01
6.567066179163996154e+00,4.787928546919028250e+00,1.199999999999999956e+00,1.199999999999999956e+00,1.090000000000000036e+01
6.569000749709018372e+00,4.837145886549007123e+00,1.199999999999999956e+00,1.199999999999999956e+00,1.095000000000000107e+01
6.570940181437581629e+00,4.886351999970411697e+00,1.199999999999999956e+00,1.199999999999999956e+00,1.100000000000000000e+01
6.572885017769871219e+00,4.935547050076105613e+00,1.199999999999999956e+00,1.199999999999999956e+00,1.105000000000000071e+01
6.574835802126075102e+00,4.984731199758948073e+00,1.199999999999999956e+00,1.199999999999999956e+00,1.110000000000000142e+01
6.576793077926377684e+00,5.033904611911799165e+00,1.199999999999999956e+00,1.199999999999999956e+00,1.115000000000000036e+01
6.578757388590963373e+00,5.083067449427520756e+00,1.199999999999999956e+00,1.199999999999999956e+00,1.120000000000000107e+01
6.580729277540021016e+00,5.132219875198971160e+00,1.199999999999999956e+00,1.199999999999999956e+00,1.125000000000000000e+01
6.582709288193734132e+00,5.181362052119014905e+00,1.199999999999999956e+00,1.199999999999999956e+00,1.130000000000000071e+01
6.584697963972289791e+00,5.230494143080510305e+00,1.199999999999999956e+00,1.199999999999999956e+00,1.135000000000000142e+01
6.586695848295873290e+00,5.279616310976314786e+00,1.199999999999999956e+00,1.199999999999999956e+00,1.140000000000000036e+01
6.588703484584671699e+00,5.328728718699296429e+00,1.199999999999999956e+00,1.199999999999999956e+00,1.145000000000000107e+01
6.590721416258868537e+00,5.377831529142308220e+00,1.199999999999999956e+00,1.199999999999999956e+00,1.150000000000000000e+01
6.592750186738650875e+00,5.426924905198215576e+00,1.199999999999999956e+00,1.199999999999999956e+00,1.155000000000000071e+01
6.594790339444204896e+00,5.476009009759878587e+00,1.199999999999999956e+00,1.199999999999999956e+00,1.160000000000000142e+01
6.596842417795715008e+00,5.525084005720154678e+00,1.199999999999999956e+00,1.199999999999999956e+00,1.165000000000000036e+01
6.598906965213369169e+00,5.574150055971907491e+00,1.199999999999999956e+00,1.199999999999999956e+00,1.170000000000000107e+01
6.600984469710631686e+00,5.623207359642142578e+00,1.199999999999999956e+00,1.199999999999999956e+00,1.175000000000000000e+01
6.603073968210366296e+00,5.672257064822742834e+00,1.199999999999999956e+00,1.199999999999999956e+00,1.180000000000000071e+01
6.605172940986891561e+00,5.721301337601837567e+00,1.199999999999999956e+00,1.199999999999999956e+00,1.185000000000000142e+01
6.607278791763572023e+00,5.770342394129321484e+00,1.199999999999999956e+00,1.199999999999999956e+00,1.190000000000000036e+01
6.609388924263774889e+00,5.819382450555093733e+00,1.199999999999999956e+00,1.199999999999999956e+00,1.195000000000000107e+01
6.611500742210870030e+00,5.868423723029050798e+00,1.199999999999999956e+00,1.199999999999999956e+00,1.200000000000000000e+01
6.613611649328221986e+00,5.917468427701090050e+00,1.199999999999999956e+00,1.199999999999999956e+00,1.205000000000000071e+01
6.615719049339200630e+00,5.966518780721111526e+00,1.199999999999999956e+00,1.199999999999999956e+00,1.210000000000000142e+01
6.617820345967174056e+00,6.015576998239006379e+00,1.199999999999999956e+00,1.199999999999999956e+00,1.215000000000000036e+01
6.619912942935508582e+00,6.064645296404679087e+00,1.199999999999999956e+00,1.199999999999999956e+00,1.220000000000000107e+01
6.621994243967570526e+00,6.113725891368019916e+00,1.199999999999999956e+00,1.199999999999999956e+00,1.225000000000000000e+01
6.624061652786728871e+00,6.162820999278930678e+00,1.199999999999999956e+00,1.199999999999999956e+00,1.230000000000000071e+01
6.626112573116351712e+00,6.211932836287308746e+00,1.199999999999999956e+00,1.199999999999999956e+00,1.235000000000000142e+01
6.628144408679805366e+00,6.261063618543047049e+00,1.199999999999999956e+00,1.199999999999999956e+00,1.240000000000000036e+01
6.630154563200459705e+00,6.310215562196048289e+00,1.199999999999999956e+00,1.199999999999999956e+00,1.245000000000000107e+01
6.632140440401678383e+00,6.359390883396204508e+00,1.199999999999999956e+00,1.199999999999999956e+00,1.250000000000000000e+01
6.634099444006832158e+00,6.408591798293418407e+00,1.199999999999999956e+00,1.199999999999999956e+00,1.255000000000000071e+01
6.636028977739287349e+00,6.457820523037584692e+00,1.199999999999999956e+00,1.199999999999999956e+00,1.260000000000000142e+01
6.637926445322412050e+00,6.507079273778597184e+00,1.199999999999999956e+00,1.199999999999999956e+00,1.265000000000000036e+01
6.639789250479574356e+00,6.556370266666358582e+00,1.199999999999999956e+00,1.199999999999999956e+00,1.270000000000000107e+01
6.641614796934139697e+00,6.605695717850760929e+00,1.199999999999999956e+00,1.199999999999999956e+00,1.275000000000000000e+01
6.643400488409476168e+00,6.655057843481707813e+00,1.199999999999999956e+00,1.199999999999999956e+00,1.280000000000000071e+01
6.645143728628953639e+00,6.704458859709092167e+00,1.199999999999999956e+00,1.199999999999999956e+00,1.285000000000000142e+01
6.646841921315937540e+00,6.753900982682810472e+00,1.199999999999999956e+00,1.199999999999999956e+00,1.290000000000000036e+01
6.648492470193795967e+00,6.803386428552762766e+00,1.199999999999999956e+00,1.199999999999999956e+00,1.295000000000000107e+01
6.650092778774171265e+00,6.852917413345473108e+00,1.199999999999999956e+00,1.199999999999999956e+00,1.300000000000000000e+01
6.651639019663280195e+00,6.902495435844023142e+00,1.199999999999999956e+00,1.199999999999999956e+00,1.305000000000000071e+01
6.653123236392062267e+00,6.952119588836601416e+00,1.199999999999999956e+00,1.199999999999999956e+00,1.310000000000000142e+01
6.654536607657894010e+00,7.001788461176489342e+00,1.199999999999999956e+00,1.199999999999999956e+00,1.315000000000000036e+01
6.655870312158153723e+00,7.051500641716977213e+00,1.199999999999999956e+00,1.199999999999999956e+00,1.320000000000000107e+01
6.657115528590217046e+00,7.101254719311345553e+00,1.199999999999999956e+00,1.199999999999999956e+00,1.325000000000000000e+01
6.658263435651460505e+00,7.151049282812882879e+00,1.199999999999999956e+00,1.199999999999999956e+00,1.330000000000000071e+01
6.659305212039258848e+00,7.200882921074875043e+00,1.199999999999999956e+00,1.199999999999999956e+00,1.335000000000000142e+01
6.660232036450989490e+00,7.250754222950603456e+00,1.199999999999999956e+00,1.199999999999999956e+00,1.340000000000000036e+01
6.661035087584028069e+00,7.300661777293356636e+00,1.199999999999999956e+00,1.199999999999999956e+00,1.345000000000000107e+01
6.661705544135752000e+00,7.350604172956417770e+00,1.199999999999999956e+00,1.199999999999999956e+00,1.350000000000000000e+01
6.662234584803537807e+00,7.400579998793074488e+00,1.199999999999999956e+00,1.199999999999999956e+00,1.355000000000000071e+01
6.662613388284761129e+00,7.450587843656609977e+00,1.199999999999999956e+00,1.199999999999999956e+00,1.360000000000000142e+01
6.662833133276798492e+00,7.500626296400308313e+00,1.199999999999999956e+00,1.199999999999999956e+00,1.365000000000000036e+01
6.662884998477024645e+00,7.550693945877458901e+00,1.199999999999999956e+00,1.199999999999999956e+00,1.370000000000000107e+01
6.662760162582817891e+00,7.600789380941341378e+00,1.199999999999999956e+00,1.199999999999999956e+00,1.375000000000000000e+01
6.662449804291553868e+00,7.650911190445247811e+00,1.199999999999999956e+00,1.199999999999999956e+00,1.380000000000000071e+01
6.661945102300609101e+00,7.701057963242458726e+00,1.199999999999999956e+00,1.199999999999999956e+00,1.385000000000000142e+01
6.661237235307360116e+00,7.751228288186259974e+00,1.199999999999999956e+00,1.199999999999999956e+00,1.390000000000000036e+01
6.660317382009182552e+00,7.801420754129936519e+00,1.199999999999999956e+00,1.199999999999999956e+00,1.395000000000000107e+01
6.659176721103452934e+00,7.851633949926774214e+00,1.199999999999999956e+00,1.199999999999999956e+00,1.400000000000000000e+01
6.657806431287546900e+00,7.901866464430060688e+00,1.199999999999999956e+00,1.199999999999999956e+00,1.405000000000000071e+01
6.656197691258842752e+00,7.952116886493077352e+00,1.199999999999999956e+00,1.199999999999999956e+00,1.410000000000000142e+01
6.654341679714716129e+00,8.002383804969111836e+00,1.199999999999999956e+00,1.199999999999999956e+00,1.415000000000000036e+01
6.652229575352541779e+00,8.052665808711449102e+00,1.199999999999999956e+00,1.199999999999999956e+00,1.420000000000000107e+01
6.649852555418422462e+00,8.102961484781404877e+00,1.199999999999999956e+00,1.199999999999999956e+00,1.425000000000000000e+01
6.647193359871729434e+00,8.153259002282929657e+00,1.199999999999999956e+00,1.199999999999999956e+00,1.430000000000000071e+01
6.644206425772852143e+00,8.203511583256430484e+00,1.199999999999999956e+00,1.199999999999999956e+00,1.435000000000000142e+01
6.640840262148545392e+00,8.253665130090441338e+00,1.199999999999999956e+00,1.199999999999999956e+00,1.440000000000000036e+01
6.637043378025571982e+00,8.303665545173497975e+00,1.199999999999999956e+00,1.199999999999999956e+00,1.445000000000000107e+01
6.632764282430691161e+00,8.353458730894130824e+00,1.199999999999999956e+00,1.199999999999999956e+00,1.450000000000000000e+01
6.627951484390662173e+00,8.402990589640879193e+00,1.199999999999999956e+00,1.199999999999999956e+00,1.455000000000000071e+01
6.622553492932244268e+00,8.452207023802271735e+00,1.199999999999999956e+00,1.199999999999999956e+00,1.460000000000000142e+01
6.616518817082199355e+00,8.501053935766842429e+00,1.199999999999999956e+00,1.199999999999999956e+00,1.465000000000000036e+01
6.609795965867284018e+00,8.549477227923130584e+00,1.199999999999999956e+00,1.199999999999999956e+00,1.470000000000000107e+01
6.602333448314261055e+00,8.597422802659659524e+00,1.199999999999999956e+00,1.199999999999999956e+00,1.475000000000000000e+01
6.594079773449887938e+00,8.644836562364975663e+00,1.199999999999999956e+00,1.199999999999999956e+00,1.480000000000000071e+01
6.584983450300925689e+00,8.691664409427602322e+00,1.199999999999999956e+00,1.199999999999999956e+00,1.485000000000000142e+01
6.574992987894132668e+00,8.737852246236080589e+00,1.199999999999999956e+00,1.199999999999999956e+00,1.490000000000000036e+01
6.564056895256270785e+00,8.783345975178939113e+00,1.199999999999999956e+00,1.199999999999999956e+00,1.495000000000000107e+01
6.552123681414098400e+00,8.828091498644715429e+00,1.199999999999999956e+00,1.199999999999999956e+00,1.500000000000000000e+01
6.539141855394374758e+00,8.872034719021941740e+00,1.199999999999999956e+00,1.199999999999999956e+00,1.505000000000000071e+01
6.525059926223859996e+00,8.915121538699152026e+00,1.199999999999999956e+00,1.199999999999999956e+00,1.510000000000000142e+01
6.509826402929316025e+00,8.957297860064876716e+00,1.199999999999999956e+00,1.199999999999999956e+00,1.515000000000000036e+01
6.493389794537498538e+00,8.998509585507656894e+00,1.199999999999999956e+00,1.199999999999999956e+00,1.520000000000000107e+01
6.475698610075170336e+00,9.038702617416019436e+00,1.199999999999999956e+00,1.199999999999999956e+00,1.525000000000000000e+01
6.456701358569088889e+00,9.077822858178501875e+00,1.199999999999999956e+00,1.199999999999999956e+00,1.530000000000000071e+01
6.436346549046016108e+00,9.115816210183636414e+00,1.199999999999999956e+00,1.199999999999999956e+00,1.535000000000000142e+01
6.414582690532711240e+00,9.152628575819957035e+00,1.199999999999999956e+00,1.199999999999999956e+00,1.540000000000000036e+01
6.391358292055932644e+00,9.188205857475997718e+00,1.199999999999999956e+00,1.199999999999999956e+00,1.545000000000000107e+01
6.366621862642441343e+00,9.222493957540292442e+00,1.199999999999999956e+00,1.199999999999999956e+00,1.550000000000000000e+01
6.340321911318996584e+00,9.255438778401375188e+00,1.199999999999999956e+00,1.199999999999999956e+00,1.555000000000000071e+01
6.312406947112357614e+00,9.286986222447778161e+00,1.199999999999999956e+00,1.199999999999999956e+00,1.560000000000000142e+01
6.282829087837709103e+00,9.317084598544846941e+00,1.199999999999999956e+00,1.199999999999999956e+00,1.565000000000000036e+01
6.251600528282000191e+00,9.345722277158186486e+00,1.199999999999999956e+00,1.199999999999999956e+00,1.570000000000000107e+01
6.218783031180793230e+00,9.372920682538996573e+00,1.199999999999999956e+00,1.199999999999999956e+00,1.575000000000000000e+01
6.184439841863456522e+00,9.398702227588177749e+00,1.199999999999999956e+00,1.199999999999999956e+00,1.580000000000000071e+01
6.148634205659361029e+00,9.423089325206632338e+00,1.199999999999999956e+00,1.199999999999999956e+00,1.585000000000000142e+01
6.111429367897884823e+00,9.446104388295266219e+00,1.199999999999999956e+00,1.199999999999999956e+00,1.590000000000000036e+01
6.072888573908392651e+00,9.467769829754979938e+00,1.199999999999999956e+00,1.199999999999999956e+00,1.595000000000000107e+01
6.033075069020260806e+00,9.488108062486674044e+00,1.199999999999999956e+00,1.199999999999999956e+00,1.600000000000000000e+01
5.992052098562858475e+00,9.507141499391257966e+00,1.199999999999999956e+00,1.199999999999999956e+00,1.605000000000000071e+01
5.949882907865555737e+00,9.524892553369630477e+00,1.199999999999999956e+00,1.199999999999999956e+00,1.610000000000000142e+01
5.906630742257727107e+00,9.541383637322697453e+00,1.199999999999999956e+00,1.199999999999999956e+00,1.615000000000000213e+01
5.862358847068747103e+00,9.556637164151355890e+00,1.199999999999999956e+00,1.199999999999999956e+00,1.619999999999999929e+01
5.817130467627980472e+00,9.570675546756515217e+00,1.199999999999999956e+00,1.199999999999999956e+00,1.625000000000000000e+01
5.771008849264800844e+00,9.583521198039074207e+00,1.199999999999999956e+00,1.199999999999999956e+00,1.630000000000000071e+01
5.724057237308580959e+00,9.595196530899938736e+00,1.199999999999999956e+00,1.199999999999999956e+00,1.635000000000000142e+01
5.676338877088693557e+00,9.605723958240011129e+00,1.199999999999999956e+00,1.199999999999999956e+00,1.640000000000000213e+01
5.627917013934511381e+00,9.615125892960190157e+00,1.199999999999999956e+00,1.199999999999999956e+00,1.644999999999999929e+01
5.578854893175401841e+00,9.623424747961387027e+00,1.199999999999999956e+00,1.199999999999999956e+00,1.650000000000000000e+01
5.529215760140738567e+00,9.630642936144498734e+00,1.199999999999999956e+00,1.199999999999999956e+00,1.655000000000000071e+01
5.479062860159891635e+00,9.636802870410431154e+00,1.199999999999999956e+00,1.199999999999999956e+00,1.660000000000000142e+01
5.428459438562234673e+00,9.641926963660083061e+00,1.199999999999999956e+00,1.199999999999999956e+00,1.665000000000000213e+01
5.377468740677142200e+00,9.646037628794362107e+00,1.199999999999999956e+00,1.199999999999999956e+00,1.669999999999999929e+01
5.326154011833979851e+00,9.649157278714168839e+00,1.199999999999999956e+00,1.199999999999999956e+00,1.675000000000000000e+01
5.274578497362121254e+00,9.651308326320407360e+00,1.199999999999999956e+00,1.199999999999999956e+00,1.680000000000000071e+01
5.222805442590938263e+00,9.652513184513979994e+00,1.199999999999999956e+00,1.199999999999999956e+00,1.685000000000000142e+01
5.170898092849803618e+00,9.652794266195790840e+00,1.199999999999999956e+00,1.199999999999999956e+00,1.690000000000000213e+01
5.118919693468091836e+00,9.652173984266744000e+00,1.199999999999999956e+00,1.199999999999999956e+00,1.694999999999999929e+01
5.066933489775167665e+00,9.650674751627736470e+00,1.199999999999999956e+00,1.199999999999999956e+00,1.700000000000000000e+01
5.015002869864638946e+00,9.648316724530904054e+00,1.199999999999999956e+00,1.199999999999999956e+00,1.705000000000000071e+01
4.963192837490830733e+00,9.645094520767459656e+00,1.199999999999999956e+00,1.199999999999999956e+00,1.710000000000000142e+01
4.911569418262442532e+00,9.640986605858817171e+00,1.199999999999999956e+00,1.199999999999999956e+00,1.715000000000000213e+01
4.860198653920988932e+00,9.635971190317816237e+00,1.199999999999999956e+00,1.199999999999999956e+00,1.719999999999999929e+01
4.809146586207980079e+00,9.630026484657296493e+00,1.199999999999999956e+00,1.199999999999999956e+00,1.725000000000000000e+01
4.758479256864929674e+00,9.623130699390094023e+00,1.199999999999999956e+00,1.199999999999999956e+00,1.730000000000000071e+01
4.708262707633354083e+00,9.615262045029046689e+00,1.199999999999999956e+00,1.199999999999999956e+00,1.735000000000000142e+01
4.658562980254768782e+00,9.606398732086995906e+00,1.199999999999999956e+00,1.199999999999999956e+00,1.740000000000000213e+01
4.609446116470688359e+00,9.596518971076779536e+00,1.199999999999999956e+00,1.199999999999999956e+00,1.744999999999999929e+01
4.560978158022622964e+00,9.585600972511233664e+00,1.199999999999999956e+00,1.199999999999999956e+00,1.750000000000000000e+01
4.513225146652087183e+00,9.573622946903199704e+00,1.199999999999999956e+00,1.199999999999999956e+00,1.755000000000000071e+01
4.466253124100598271e+00,9.560563104765515519e+00,1.199999999999999956e+00,1.199999999999999956e+00,1.760000000000000142e+01
4.420128132109667263e+00,9.546399656611017193e+00,1.199999999999999956e+00,1.199999999999999956e+00,1.765000000000000213e+01
4.374916212420813189e+00,9.531110812952546141e+00,1.199999999999999956e+00,1.199999999999999956e+00,1.769999999999999929e+01
4.330683406775544420e+00,9.514674784302942001e+00,1.199999999999999956e+00,1.199999999999999956e+00,1.775000000000000000e+01
4.287495756915377321e+00,9.497069781175037306e+00,1.199999999999999956e+00,1.199999999999999956e+00,1.780000000000000071e+01
4.245419304581826481e+00,9.478274014081677024e+00,1.199999999999999956e+00,1.199999999999999956e+00,1.785000000000000142e+01
4.204520091516404712e+00,9.458265693535695462e+00,1.199999999999999956e+00,1.199999999999999956e+00,1.790000000000000213e+01
4.164864159460630155e+00,9.437023030049932260e+00,1.199999999999999956e+00,1.199999999999999956e+00,1.794999999999999929e+01
4.126517550156012959e+00,9.414524234137225278e+00,1.199999999999999956e+00,1.199999999999999956e+00,1.800000000000000000e+01
4.089546305344065935e+00,9.390747516310415932e+00,1.199999999999999956e+00,1.199999999999999956e+00,1.805000000000000071e+01
4.054016466766307225e+00,9.365671087082336754e+00,1.199999999999999956e+00,1.199999999999999956e+00,1.810000000000000142e+01
4.019994076164247865e+00,9.339273156965832712e+00,1.199999999999999956e+00,1.199999999999999956e+00,1.815000000000000213e+01
3.987545175279406440e+00,9.311531936473741666e+00,1.199999999999999956e+00,1.199999999999999956e+00,1.819999999999999929e+01
3.956735805853291765e+00,9.282425636118896151e+00,1.199999999999999956e+00,1.199999999999999956e+00,1.825000000000000000e+01
3.927632009627419318e+00,9.251932466414142908e+00,1.199999999999999956e+00,1.199999999999999956e+00,1.830000000000000071e+01
3.900299828343305464e+00,9.220030637872312695e+00,1.199999999999999956e+00,1.199999999999999956e+00,1.835000000000000142e+01
3.874805303742462126e+00,9.186698361006245150e+00,1.199999999999999956e+00,1.199999999999999956e+00,1.840000000000000213e+01
3.851214477566406114e+00,9.151913846328788793e+00,1.199999999999999956e+00,1.199999999999999956e+00,1.844999999999999929e+01
3.829570606234862673e+00,9.115668354629029579e+00,1.199999999999999956e+00,1.199999999999999956e+00,1.850000000000000000e+01
3.809809804387688459e+00,9.078014512071543862e+00,1.199999999999999956e+00,1.199999999999999956e+00,1.855000000000000071e+01
3.791836722820741024e+00,9.039022965714359259e+00,1.199999999999999956e+00,1.199999999999999956e+00,1.860000000000000142e+01
3.775556008135533936e+00,8.998764365017816402e+00,1.199999999999999956e+00,1.199999999999999956e+00,1.865000000000000213e+01
3.760872306933580766e+00,8.957309359442257701e+00,1.199999999999999956e+00,1.199999999999999956e+00,1.869999999999999929e+01
3.747690265816395527e+00,8.914728598448016683e+00,1.199999999999999956e+00,1.199999999999999956e+00,1.875000000000000000e+01
3.735914531385490456e+00,8.871092731495432204e+00,1.199999999999999956e+00,1.199999999999999956e+00,1.880000000000000071e+01
3.725449750242381342e+00,8.826472408044846674e+00,1.199999999999999956e+00,1.199999999999999956e+00,1.885000000000000142e+01
3.716200568988580866e+00,8.780938277556593619e+00,1.199999999999999956e+00,1.199999999999999956e+00,1.890000000000000213e+01
3.708071634225603486e+00,8.734560989491020777e+00,1.199999999999999956e+00,1.199999999999999956e+00,1.894999999999999929e+01
3.700967592554961882e+00,8.687411193308454571e+00,1.199999999999999956e+00,1.199999999999999956e+00,1.900000000000000000e+01
3.694793090578170958e+00,8.639559538469242739e+00,1.199999999999999956e+00,1.199999999999999956e+00,1.905000000000000071e+01
3.689452774896743836e+00,8.591076674433718807e+00,1.199999999999999956e+00,1.199999999999999956e+00,1.910000000000000142e+01
3.684851292112194532e+00,8.542033250662225186e+00,1.199999999999999956e+00,1.199999999999999956e+00,1.915000000000000213e+01
3.680893288826036169e+00,8.492499916615097177e+00,1.199999999999999956e+00,1.199999999999999956e+00,1.920000000000000284e+01
3.677483411639784538e+00,8.442547321752680745e+00,1.199999999999999956e+00,1.199999999999999956e+00,1.925000000000000000e+01
3.674526307154950544e+00,8.392246115535304085e+00,1.199999999999999956e+00,1.199999999999999956e+00,1.930000000000000071e+01
3.671926621973049976e+00,8.341666947423314937e+00,1.199999999999999956e+00,1.199999999999999956e+00,1.935000000000000142e+01
3.669589002695595958e+00,8.290880466877045052e+00,1.199999999999999956e+00,1.199999999999999956e+00,1.940000000000000213e+01
3.667418095924102062e+00,8.239957323356836838e+00,1.199999999999999956e+00,1.199999999999999956e+00,1.945000000000000284e+01
3.665318548260082743e+00,8.188968166323030928e+00,1.199999999999999956e+00,1.199999999999999956e+00,1.950000000000000000e+01
3.663195006305050683e+00,8.137983645235962626e+00,1.199999999999999956e+00,1.199999999999999956e+00,1.955000000000000071e+01
3.660952116660520339e+00,8.087074409555969012e+00,1.199999999999999956e+00,1.199999999999999956e+00,1.960000000000000142e+01
3.658494525928006169e+00,8.036311108743392495e+00,1.199999999999999956e+00,1.199999999999999956e+00,1.965000000000000213e+01
3.655726880709020854e+00,7.985764392258570155e+00,1.199999999999999956e+00,1.199999999999999956e+00,1.970000000000000284e+01
3.652553827605078851e+00,7.935504909561845288e+00,1.199999999999999956e+00,1.199999999999999956e+00,1.975000000000000000e+01
3.648880529736250544e+00,7.885602939353169916e+00,1.199999999999999956e+00,1.199999999999999956e+00,1.980000000000000071e+01
3.644655795719447866e+00,7.836097431311149109e+00,1.199999999999999956e+00,1.199999999999999956e+00,1.985000000000000142e+01
3.639904582508849185e+00,7.786972675342878070e+00,1.199999999999999956e+00,1.199999999999999956e+00,1.990000000000000213e+01
3.634659502335812142e+00,7.738207466347724939e+00,1.199999999999999956e+00,1.199999999999999956e+00,1.995000000000000284e+01
3.628953167431696603e+00,7.689780599225060520e+00,1.199999999999999956e+00,1.199999999999999956e+00,2.000000000000000000e+01
3.622818190027859320e+00,7.641670868874246736e+00,1.199999999999999956e+00,1.199999999999999956e+00,2.005000000000000071e+01
3.616287182355661045e+00,7.593857070194655279e+00,1.199999999999999956e+00,1.199999999999999956e+00,2.010000000000000142e+01
3.609392756646459866e+00,7.546317998085656065e+00,1.199999999999999956e+00,1.199999999999999956e+00,2.015000000000000213e+01
3.602167525131613868e+00,7.499032447446615457e+00,1.199999999999999956e+00,1.199999999999999956e+00,2.020000000000000284e+01
3.594644100042482915e+00,7.451979213176905148e+00,1.199999999999999956e+00,1.199999999999999956e+00,2.025000000000000000e+01
3.586855093610424650e+00,7.405137090175888837e+00,1.199999999999999956e+00,1.199999999999999956e+00,2.030000000000000071e+01
3.578833118066798047e+00,7.358484873342935551e+00,1.199999999999999956e+00,1.199999999999999956e+00,2.035000000000000142e+01
3.570610785642962526e+00,7.312001357577416094e+00,1.199999999999999956e+00,1.199999999999999956e+00,2.040000000000000213e+01
3.562220708570276617e+00,7.265665337778696831e+00,1.199999999999999956e+00,1.199999999999999956e+00,2.045000000000000284e+01
3.553695499080099296e+00,7.219455608846151229e+00,1.199999999999999956e+00,1.199999999999999956e+00,2.050000000000000000e+01
3.545067769403787761e+00,7.173350965679139435e+00,1.199999999999999956e+00,1.199999999999999956e+00,2.055000000000000071e+01
3.536370131772701875e+00,7.127330203177034029e+00,1.199999999999999956e+00,1.199999999999999956e+00,2.060000000000000142e+01
3.527635198418201057e+00,7.081372116239204040e+00,1.199999999999999956e+00,1.199999999999999956e+00,2.065000000000000213e+01
3.518895581571642950e+00,7.035455499765015830e+00,1.199999999999999956e+00,1.199999999999999956e+00,2.070000000000000284e+01
3.510183893464386973e+00,6.989559148653842868e+00,1.199999999999999956e+00,1.199999999999999956e+00,2.075000000000000000e+01
3.501532746327791656e+00,6.943661857805046189e+00,1.199999999999999956e+00,1.199999999999999956e+00,2.080000000000000071e+01
3.492974752393215088e+00,6.897742422117997485e+00,1.199999999999999956e+00,1.199999999999999956e+00,2.085000000000000142e+01
3.484542523892016241e+00,6.851779636492065784e+00,1.199999999999999956e+00,1.199999999999999956e+00,2.090000000000000213e+01
3.476268673055554981e+00,6.805752295826617448e+00,1.199999999999999956e+00,1.199999999999999956e+00,2.095000000000000284e+01
3.468185812115189393e+00,6.759639195021025948e+00,1.199999999999999956e+00,1.199999999999999956e+00,2.100000000000000000e+01
3.460326553302277564e+00,6.713419128974653205e+00,1.199999999999999956e+00,1.199999999999999956e+00,2.105000000000000071e+01
3.452723508848178913e+00,6.667070892586869135e+00,1.199999999999999956e+00,1.199999999999999956e+00,2.110000000000000142e+01
3.445405861444308826e+00,6.620575013218140015e+00,1.199999999999999956e+00,1.199999999999999956e+00,2.115000000000000213e+01
3.438357538742500719e+00,6.573934879194767156e+00,1.199999999999999956e+00,1.199999999999999956e+00,2.120000000000000284e+01
3.431530491949369654e+00,6.527170032014692147e+00,1.199999999999999956e+00,1.199999999999999956e+00,2.125000000000000000e+01
3.424875999282891659e+00,6.480300353141747571e+00,1.199999999999999956e+00,1.199999999999999956e+00,2.130000000000000071e+01
3.418345338961045865e+00,6.433345724039772229e+00,1.199999999999999956e+00,1.199999999999999956e+00,2.135000000000000142e+01
3.411889789201808743e+00,6.386326026172606696e+00,1.199999999999999956e+00,1.199999999999999956e+00,2.140000000000000213e+01
3.405460628223159425e+00,6.339261141004085331e+00,1.199999999999999956e+00,1.199999999999999956e+00,2.145000000000000284e+01
3.399009134243075714e+00,6.292170949998050489e+00,1.199999999999999956e+00,1.199999999999999956e+00,2.150000000000000000e+01
3.392486585479534078e+00,6.245075334618332974e+00,1.199999999999999956e+00,1.199999999999999956e+00,2.155000000000000071e+01
3.385844260150512319e+00,6.197994176328774252e+00,1.199999999999999956e+00,1.199999999999999956e+00,2.160000000000000142e+01
3.379033436473989127e+00,6.150947356593211346e+00,1.199999999999999956e+00,1.199999999999999956e+00,2.165000000000000213e+01
3.372005392667941415e+00,6.103954756875483056e+00,1.199999999999999956e+00,1.199999999999999956e+00,2.170000000000000284e+01
3.364711406950348760e+00,6.057036258639429072e+00,1.199999999999999956e+00,1.199999999999999956e+00,2.175000000000000000e+01
3.357102757539187188e+00,6.010211743348881086e+00,1.199999999999999956e+00,1.199999999999999956e+00,2.180000000000000071e+01
3.349130722652433612e+00,5.963501092467680564e+00,1.199999999999999956e+00,1.199999999999999956e+00,2.185000000000000142e+01
3.340746580508067609e+00,5.916924187459664530e+00,1.199999999999999956e+00,1.199999999999999956e+00,2.190000000000000213e+01
3.331901609324066094e+00,5.870500909788670008e+00,1.199999999999999956e+00,1.199999999999999956e+00,2.195000000000000284e+01
3.322547087318407755e+00,5.824251140918537573e+00,1.199999999999999956e+00,1.199999999999999956e+00,2.200000000000000000e+01
3.312634292709068617e+00,5.778194762313099808e+00,1.199999999999999956e+00,1.199999999999999956e+00,2.205000000000000071e+01
3.302114503714027816e+00,5.732351655436198179e+00,1.199999999999999956e+00,1.199999999999999956e+00,2.210000000000000142e+01
3.290938998551262262e+00,5.686741701751667044e+00,1.199999999999999956e+00,1.199999999999999956e+00,2.215000000000000213e+01
3.279059055438750203e+00,5.641384782723348756e+00,1.199999999999999956e+00,1.199999999999999956e+00,2.220000000000000284e+01
3.266425952594470328e+00,5.596300779815080340e+00,1.199999999999999956e+00,1.199999999999999956e+00,2.225000000000000000e+01
3.252990968236398217e+00,5.551509574490695265e+00,1.199999999999999956e+00,1.199999999999999956e+00,2.230000000000000071e+01
3.238705380582513005e+00,5.507031048214032332e+00,1.199999999999999956e+00,1.199999999999999956e+00,2.235000000000000142e+01
3.223520467850792048e+00,5.462885082448931229e+00,1.199999999999999956e+00,1.199999999999999956e+00,2.240000000000000213e+01
3.207387508259213149e+00,5.419091558659228092e+00,1.199999999999999956e+00,1.199999999999999956e+00,2.245000000000000284e+01
3.190259674263799194e+00,5.375670472861038718e+00,1.199999999999999956e+00,1.199999999999999956e+00,2.250000000000000000e+01
3.172123314418886064e+00,5.332643827363980016e+00,1.199999999999999956e+00,1.199999999999999956e+00,2.255000000000000071e+01
3.152993038254933822e+00,5.290035333533775308e+00,1.199999999999999956e+00,1.199999999999999956e+00,2.260000000000000142e+01
3.132884358586082385e+00,5.247868757361378478e+00,1.199999999999999956e+00,1.199999999999999956e+00,2.265000000000000213e+01
3.111812788226472559e+00,5.206167864837746073e+00,1.199999999999999956e+00,1.199999999999999956e+00,2.270000000000000284e+01
3.089793839990246926e+00,5.164956421953835530e+00,1.199999999999999956e+00,1.199999999999999956e+00,2.275000000000000000e+01
3.066843026691541851e+00,5.124258194700594515e+00,1.199999999999999956e+00,1.199999999999999956e+00,2.280000000000000071e+01
3.042975861144500804e+00,5.084096949068984017e+00,1.199999999999999956e+00,1.199999999999999956e+00,2.285000000000000142e+01
3.018207856163263259e+00,5.044496451049957031e+00,1.199999999999999956e+00,1.199999999999999956e+00,2.290000000000000213e+01
2.992554524561970020e+00,5.005480466634470105e+00,1.199999999999999956e+00,1.199999999999999956e+00,2.295000000000000284e+01
2.966031379154763226e+00,4.967072761813479786e+00,1.199999999999999956e+00,1.199999999999999956e+00,2.300000000000000000e+01
2.938653932755780129e+00,4.929297102577937295e+00,1.199999999999999956e+00,1.199999999999999956e+00,2.305000000000000071e+01
2.910437698179161981e+00,4.892177254918798290e+00,1.199999999999999956e+00,1.199999999999999956e+00,2.310000000000000142e+01
2.881398188239050473e+00,4.855736984827019320e+00,1.199999999999999956e+00,1.199999999999999956e+00,2.315000000000000213e+01
2.851550915749585968e+00,4.820000058293555156e+00,1.199999999999999956e+00,1.199999999999999956e+00,2.320000000000000284e+01
2.820911393524911048e+00,4.784990241309363235e+00,1.199999999999999956e+00,1.199999999999999956e+00,2.325000000000000000e+01
2.789495134379162078e+00,4.750731299865392998e+00,1.199999999999999956e+00,1.199999999999999956e+00,2.330000000000000071e+01
2.757317651126480751e+00,4.717246999952606323e+00,1.199999999999999956e+00,1.199999999999999956e+00,2.335000000000000142e+01
2.724394456581008317e+00,4.684561107561951765e+00,1.199999999999999956e+00,1.199999999999999956e+00,2.340000000000000213e+01
2.690741063556885582e+00,4.652697388684388535e+00,1.199999999999999956e+00,1.199999999999999956e+00,2.345000000000000284e+01
2.656372984868255127e+00,4.621679609310874071e+00,1.199999999999999956e+00,1.199999999999999956e+00,2.350000000000000000e+01
2.621305733329252430e+00,4.591531535432356037e+00,1.199999999999999956e+00,1.199999999999999956e+00,2.355000000000000071e+01
2.585554821754020072e+00,4.562276933039795423e+00,1.199999999999999956e+00,1.199999999999999956e+00,2.360000000000000142e+01
2.549135762956700191e+00,4.533939568124145225e+00,1.199999999999999956e+00,1.199999999999999956e+00,2.365000000000000213e+01
2.512064069751431372e+00,4.506543206676361102e+00,1.199999999999999956e+00,1.199999999999999956e+00,2.370000000000000284e+01
2.474355254952357530e+00,4.480111614687400490e+00,1.199999999999999956e+00,1.199999999999999956e+00,2.375000000000000000e+01
2.436024831373614585e+00,4.454668558148213720e+00,1.199999999999999956e+00,1.199999999999999956e+00,2.380000000000000071e+01
2.397088311829344676e+00,4.430237803049758227e+00,1.199999999999999956e+00,1.199999999999999956e+00,2.385000000000000142e+01
2.357561209133688607e+00,4.406843115382989673e+00,1.199999999999999956e+00,1.199999999999999956e+00,2.390000000000000213e+01
2.317459036100787184e+00,4.384508261138861940e+00,1.199999999999999956e+00,1.199999999999999956e+00,2.395000000000000284e+01
2.276797305544783878e+00,4.363257006308332464e+00,1.199999999999999956e+00,1.199999999999999956e+00,2.400000000000000000e+01
2.235591596961245209e+00,4.343112593628396745e+00,1.199999999999999956e+00,1.199999999999999956e+00,2.405000000000000071e+01
2.193861093838838539e+00,4.324069985045188247e+00,1.199999999999999956e+00,1.199999999999999956e+00,2.410000000000000142e+01
2.151630348861213182e+00,4.306082010048794650e+00,1.199999999999999956e+00,1.199999999999999956e+00,2.415000000000000213e+01
2.108924352115712608e+00,4.289098065791320025e+00,1.199999999999999956e+00,1.199999999999999956e+00,2.420000000000000284e+01
2.065768093689682061e+00,4.273067549424871991e+00,1.199999999999999956e+00,1.199999999999999956e+00,2.425000000000000000e+01
2.022186563670457016e+00,4.257939858101553732e+00,1.199999999999999956e+00,1.199999999999999956e+00,2.430000000000000071e+01
1.978204752145385381e+00,4.243664388973472867e+00,1.199999999999999956e+00,1.199999999999999956e+00,2.435000000000000142e+01
1.933847649201808849e+00,4.230190539192733468e+00,1.199999999999999956e+00,1.199999999999999956e+00,2.440000000000000213e+01
1.889140244927070000e+00,4.217467705911442266e+00,1.199999999999999956e+00,1.199999999999999956e+00,2.445000000000000284e+01
1.844107529408514301e+00,4.205445286281705108e+00,1.199999999999999956e+00,1.199999999999999956e+00,2.450000000000000000e+01
1.798774492733479002e+00,4.194072677455627840e+00,1.199999999999999956e+00,1.199999999999999956e+00,2.455000000000000071e+01
1.753166124989309571e+00,4.183299276585313642e+00,1.199999999999999956e+00,1.199999999999999956e+00,2.460000000000000142e+01
1.707307416263348587e+00,4.173074480822870136e+00,1.199999999999999956e+00,1.199999999999999956e+00,2.465000000000000213e+01
1.661223356642938853e+00,4.163347687320404056e+00,1.199999999999999956e+00,1.199999999999999956e+00,2.470000000000000284e+01
1.614938936215426724e+00,4.154068293230018583e+00,1.199999999999999956e+00,1.199999999999999956e+00,2.475000000000000000e+01
1.568479145068147673e+00,4.145185695703821338e+00,1.199999999999999956e+00,1.199999999999999956e+00,2.480000000000000071e+01
1.521868973288448057e+00,4.136649291893917280e+00,1.199999999999999956e+00,1.199999999999999956e+00,2.485000000000000142e+01
1.475133410963670455e+00,4.128408478952410476e+00,1.199999999999999956e+00,1.199999999999999956e+00,2.490000000000000213e+01
1.428297448181158114e+00,4.120412654031409438e+00,1.199999999999999956e+00,1.199999999999999956e+00,2.495000000000000284e+01
1.381386075028256055e+00,4.112611214283019123e+00,1.199999999999999956e+00,1.199999999999999956e+00,2.500000000000000000e+01
1.334424281592301531e+00,4.104953556859343600e+00,1.199999999999999956e+00,1.199999999999999956e+00,2.505000000000000071e+01
1.287437057960639786e+00,4.097389078912489602e+00,1.199999999999999956e+00,1.199999999999999956e+00,2.510000000000000142e+01
1.240449394220613399e+00,4.089867177594562087e+00,1.199999999999999956e+00,1.199999999999999956e+00,2.515000000000000213e+01
1.193486280459565396e+00,4.082337250057667788e+00,1.199999999999999956e+00,1.199999999999999956e+00,2.520000000000000284e+01
1.146572706764841909e+00,4.074748693453911663e+00,1.199999999999999956e+00,1.199999999999999956e+00,2.525000000000000000e+01
1.099733663223778857e+00,4.067050904935399558e+00,1.199999999999999956e+00,1.199999999999999956e+00,2.530000000000000071e+01
1.052994139923722150e+00,4.059193281654236429e+00,1.199999999999999956e+00,1.199999999999999956e+00,2.535000000000000142e+01
1.006379126952014591e+00,4.051125220762529011e+00,1.199999999999999956e+00,1.199999999999999956e+00,2.540000000000000213e+01
9.599094292388326011e-01,4.042803834533748919e+00,1.199999999999999956e+00,1.199999999999999956e+00,2.545000000000000284e+01
9.135804821892490324e-01,4.034233002652353406e+00,1.199999999999999956e+00,1.199999999999999956e+00,2.550000000000000000e+01
8.673782122743972645e-01,4.025434134032027877e+00,1.199999999999999956e+00,1.199999999999999956e+00,2.555000000000000071e+01
8.212885291859822745e-01,4.016428668518489786e+00,1.199999999999999956e+00,1.199999999999999956e+00,2.560000000000000142e+01
7.752973426157060421e-01,4.007238045957453032e+00,1.199999999999999956e+00,1.199999999999999956e+00,2.565000000000000213e+01
7.293905622552697698e-01,3.997883706194635067e+00,1.199999999999999956e+00,1.199999999999999956e+00,2.570000000000000284e+01
6.835540977963787679e-01,3.988387089075752456e+00,1.199999999999999956e+00,1.199999999999999956e+00,2.575000000000000000e+01
6.377738589307281325e-01,3.978769634446519543e+00,1.199999999999999956e+00,1.199999999999999956e+00,2.580000000000000071e+01
5.920357553500228409e-01,3.969052782152654224e+00,1.199999999999999956e+00,1.199999999999999956e+00,2.585000000000000142e+01
5.463256967459646507e-01,3.959257972039871731e+00,1.199999999999999956e+00,1.199999999999999956e+00,2.590000000000000213e+01
5.006295928102553194e-01,3.949406643953887741e+00,1.199999999999999956e+00,1.199999999999999956e+00,2.595000000000000284e+01
4.549333532345994913e-01,3.939520237740419262e+00,1.199999999999999956e+00,1.199999999999999956e+00,2.600000000000000000e+01
4.092228877106926510e-01,3.929620193245180193e+00,1.199999999999999956e+00,1.199999999999999956e+00,2.605000000000000071e+01
3.634841059302397204e-01,3.919727950313888876e+00,1.199999999999999956e+00,1.199999999999999956e+00,2.610000000000000142e+01
3.177029175849425124e-01,3.909864948792260542e+00,1.199999999999999956e+00,1.199999999999999956e+00,2.615000000000000213e+01
2.718652323665025072e-01,3.900052628526010423e+00,1.199999999999999956e+00,1.199999999999999956e+00,2.620000000000000284e+01
2.259569599666248207e-01,3.890312429360856417e+00,1.199999999999999956e+00,1.199999999999999956e+00,2.625000000000000000e+01
1.799640100770045770e-01,3.880665791142512866e+00,1.199999999999999956e+00,1.199999999999999956e+00,2.630000000000000071e+01
1.338722923893468919e-01,3.871134153716695891e+00,1.199999999999999956e+00,1.199999999999999956e+00,2.635000000000000142e+01
8.766771659535327332e-02,3.861738956929122502e+00,1.199999999999999956e+00,1.199999999999999956e+00,2.640000000000000213e+01
4.133619238672561758e-02,3.852501640625507928e+00,1.199999999999999956e+00,1.199999999999999956e+00,2.645000000000000284e+01
-5.136370544831327101e-03,3.843443644651569180e+00,1.199999999999999956e+00,1.199999999999999956e+00,2.650000000000000000e+01
-5.176406250762207589e-02,3.834586408853020156e+00,1.199999999999999956e+00,1.199999999999999956e+00,2.655000000000000071e+01
-9.856097380994183199e-02,3.825951373075579198e+00,1.199999999999999956e+00,1.199999999999999956e+00,2.660000000000000142e+01
-1.455411947600891154e-01,3.817559977164961538e+00,1.199999999999999956e+00,1.199999999999999956e+00,2.665000000000000213e+01
-1.927188156663617313e-01,3.809433660966882851e+00,1.199999999999999956e+00,1.199999999999999956e+00,2.670000000000000284e+01
-2.401079268370548137e-01,3.801593864327059702e+00,1.199999999999999956e+00,1.199999999999999956e+00,2.675000000000000000e+01
-2.877180294890306911e-01,3.794055268671050918e+00,1.199999999999999956e+00,1.199999999999999956e+00,2.680000000000000071e+01
-3.355238064527765740e-01,3.786781277892221631e+00,1.199999999999999956e+00,1.199999999999999956e+00,2.685000000000000142e+01
-3.834839747223455775e-01,3.779711782769815898e+00,1.199999999999999956e+00,1.199999999999999956e+00,2.690000000000000213e+01
-4.315571679333961019e-01,3.772786551319989190e+00,1.199999999999999956e+00,1.199999999999999956e+00,2.695000000000000284e+01
-4.797020197215832726e-01,3.765945351558896537e+00,1.199999999999999956e+00,1.199999999999999956e+00,2.700000000000000000e+01
-5.278771637225723179e-01,3.759127951502690301e+00,1.199999999999999956e+00,1.199999999999999956e+00,2.705000000000000071e+01
-5.760412335720186405e-01,3.752274119167526401e+00,1.199999999999999956e+00,1.199999999999999956e+00,2.710000000000000142e+01
-6.241528629055805855e-01,3.745323622569557642e+00,1.199999999999999956e+00,1.199999999999999956e+00,2.715000000000000213e+01
-6.721706853589165531e-01,3.738216229724939499e+00,1.199999999999999956e+00,1.199999999999999956e+00,2.720000000000000284e+01
-7.200533345676819463e-01,3.730891708649827443e+00,1.199999999999999956e+00,1.199999999999999956e+00,2.725000000000000000e+01
-7.677594441675419379e-01,3.723289827360373394e+00,1.199999999999999956e+00,1.199999999999999956e+00,2.730000000000000071e+01
-8.152476477941515975e-01,3.715350353872732825e+00,1.199999999999999956e+00,1.199999999999999956e+00,2.735000000000000142e+01
-8.624765790831695478e-01,3.707013056203059875e+00,1.199999999999999956e+00,1.199999999999999956e+00,2.740000000000000213e+01
-9.094048716702543000e-01,3.698217702367508686e+00,1.199999999999999956e+00,1.199999999999999956e+00,2.745000000000000284e+01
-9.559911591910609241e-01,3.688904060382234729e+00,1.199999999999999956e+00,1.199999999999999956e+00,2.750000000000000000e+01
-1.002194075281254815e+00,3.679011898263390812e+00,1.199999999999999956e+00,1.199999999999999956e+00,2.755000000000000071e+01
-1.047972253576491042e+00,3.668480984027131964e+00,1.199999999999999956e+00,1.199999999999999956e+00,2.760000000000000142e+01
-1.093284327712427784e+00,3.657251085689611880e+00,1.199999999999999956e+00,1.199999999999999956e+00,2.765000000000000213e+01
-1.138088931324724440e+00,3.645261971266986034e+00,1.199999999999999956e+00,1.199999999999999956e+00,2.770000000000000284e+01
-1.182344698049035747e+00,3.632453408775408565e+00,1.199999999999999956e+00,1.199999999999999956e+00,2.775000000000000000e+01
-1.226010261521026656e+00,3.618765166231032726e+00,1.199999999999999956e+00,1.199999999999999956e+00,2.780000000000000071e+01
-1.269044255376352348e+00,3.604137011650013545e+00,1.199999999999999956e+00,1.199999999999999956e+00,2.785000000000000142e+01
-1.311405313250671334e+00,3.588508713048504717e+00,1.199999999999999956e+00,1.199999999999999956e+00,2.790000000000000213e+01
-1.353052068779642569e+00,3.571820038442662160e+00,1.199999999999999956e+00,1.199999999999999956e+00,2.795000000000000284e+01
-1.393943155598921457e+00,3.554010755848639569e+00,1.199999999999999956e+00,1.199999999999999956e+00,2.800000000000000000e+01
-1.434037207344172504e+00,3.535020633282588864e+00,1.199999999999999956e+00,1.199999999999999956e+00,2.805000000000000071e+01
-1.473292857651050891e+00,3.514789438760667739e+00,1.199999999999999956e+00,1.199999999999999956e+00,2.810000000000000142e+01
-1.511668902720138874e+00,3.493257375301203282e+00,1.199999999999999956e+00,1.199999999999999956e+00,2.815000000000000213e+01
-1.549136073384884016e+00,3.470396581417210413e+00,1.199999999999999956e+00,1.199999999999999956e+00,2.820000000000000284e+01
-1.585684975680924591e+00,3.446232379026771930e+00,1.199999999999999956e+00,1.199999999999999956e+00,2.825000000000000000e+01
-1.621308097001522786e+00,3.420795124311427848e+00,1.199999999999999956e+00,1.199999999999999956e+00,2.830000000000000071e+01
-1.655997924739934568e+00,3.394115173452723955e+00,1.199999999999999956e+00,1.199999999999999956e+00,2.835000000000000142e+01
-1.689746946289416796e+00,3.366222882632204705e+00,1.199999999999999956e+00,1.199999999999999956e+00,2.840000000000000213e+01
-1.722547649043228102e+00,3.337148608031414110e+00,1.199999999999999956e+00,1.199999999999999956e+00,2.845000000000000284e+01
-1.754392520394623123e+00,3.306922705831897957e+00,1.199999999999999956e+00,1.199999999999999956e+00,2.850000000000000000e+01
-1.785274047736864489e+00,3.275575532215196706e+00,1.199999999999999956e+00,1.199999999999999956e+00,2.855000000000000071e+01
-1.815184718463207947e+00,3.243137443362855699e+00,1.199999999999999956e+00,1.199999999999999956e+00,2.860000000000000142e+01
-1.844117019966910576e+00,3.209638795456419391e+00,1.199999999999999956e+00,1.199999999999999956e+00,2.865000000000000213e+01
-1.872063439641230342e+00,3.175109944677432239e+00,1.199999999999999956e+00,1.199999999999999956e+00,2.870000000000000284e+01
-1.899016464879423216e+00,3.139581247207440029e+00,1.199999999999999956e+00,1.199999999999999956e+00,2.875000000000000000e+01
-1.924968583074750494e+00,3.103083059227982776e+00,1.199999999999999956e+00,1.199999999999999956e+00,2.880000000000000071e+01
-1.949912281620468368e+00,3.065645736920605824e+00,1.199999999999999956e+00,1.199999999999999956e+00,2.885000000000000142e+01
-1.973840047909833917e+00,3.027299636466854071e+00,1.199999999999999956e+00,1.199999999999999956e+00,2.890000000000000213e+01
-1.996744369336105329e+00,2.988075114048271530e+00,1.199999999999999956e+00,1.199999999999999956e+00,2.895000000000000284e+01
-2.018617733292538574e+00,2.948002525846404875e+00,1.199999999999999956e+00,1.199999999999999956e+00,2.900000000000000000e+01
-2.039452627172394727e+00,2.907112228042792346e+00,1.199999999999999956e+00,1.199999999999999956e+00,2.905000000000000071e+01
-2.059241538368929536e+00,2.865434576818981061e+00,1.199999999999999956e+00,1.199999999999999956e+00,2.910000000000000142e+01
-2.077976954275401411e+00,2.822999928356515476e+00,1.199999999999999956e+00,1.199999999999999956e+00,2.915000000000000213e+01
-2.095651362285066988e+00,2.779838638836938713e+00,1.199999999999999956e+00,1.199999999999999956e+00,2.920000000000000284e+01
-2.112257249791183789e+00,2.735981064441798338e+00,1.199999999999999956e+00,1.199999999999999956e+00,2.925000000000000000e+01
-2.127787104187011114e+00,2.691457561352632588e+00,1.199999999999999956e+00,1.199999999999999956e+00,2.930000000000000071e+01
-2.142233412865806486e+00,2.646298485750987695e+00,1.199999999999999956e+00,1.199999999999999956e+00,2.935000000000000142e+01
-2.155588663220826984e+00,2.600534193818409001e+00,1.199999999999999956e+00,1.199999999999999956e+00,2.940000000000000213e+01
-2.167845342645330575e+00,2.554195041736440075e+00,1.199999999999999956e+00,1.199999999999999956e+00,2.945000000000000284e+01
-2.178995938532573007e+00,2.507311385686627148e+00,1.199999999999999956e+00,1.199999999999999956e+00,2.950000000000000000e+01
-2.189032938275814910e+00,2.459913581850509789e+00,1.199999999999999956e+00,1.199999999999999956e+00,2.955000000000000071e+01
-2.197948829268312920e+00,2.412031986409632900e+00,1.199999999999999956e+00,1.199999999999999956e+00,2.960000000000000142e+01
-2.205736327104085071e+00,2.363699142741800596e+00,1.199999999999999956e+00,1.199999999999999956e+00,2.965000000000000213e+01
-2.212390132134101517e+00,2.314966617180618691e+00,1.199999999999999956e+00,1.199999999999999956e+00,2.970000000000000284e+01
-2.217905966040130572e+00,2.265895765031896492e+00,1.199999999999999956e+00,1.199999999999999956e+00,2.975000000000000000e+01
-2.222279558926565368e+00,2.216548022328317824e+00,1.199999999999999956e+00,1.199999999999999956e+00,2.980000000000000071e+01
-2.225506640897800370e+00,2.166984825102576728e+00,1.199999999999999956e+00,1.199999999999999956e+00,2.985000000000000142e+01
-2.227582942058230486e+00,2.117267609387363247e+00,1.199999999999999956e+00,1.199999999999999956e+00,2.990000000000000213e+01
-2.228504192512249293e+00,2.067457811215370089e+00,1.199999999999999956e+00,1.199999999999999956e+00,2.995000000000000284e+01
-2.228266122364250812e+00,2.017616866619290406e+00,1.199999999999999956e+00,1.199999999999999956e+00,3.000000000000000000e+01
-2.226864461718629951e+00,1.967806211631808244e+00,1.199999999999999956e+00,1.199999999999999956e+00,3.005000000000000071e+01
-2.224294940679779398e+00,1.918087282285618089e+00,1.199999999999999956e+00,1.199999999999999956e+00,3.010000000000000142e+01
-2.220553289352094950e+00,1.868521514613411316e+00,1.199999999999999956e+00,1.199999999999999956e+00,3.015000000000000213e+01
-2.215635237839968852e+00,1.819170344647877968e+00,1.199999999999999956e+00,1.199999999999999956e+00,3.020000000000000284e+01
-2.209536516247797344e+00,1.770095208421712973e+00,1.199999999999999956e+00,1.199999999999999956e+00,3.025000000000000000e+01
-2.202252854679973115e+00,1.721357541967600380e+00,1.199999999999999956e+00,1.199999999999999956e+00,3.030000000000000071e+01
-2.193779983240890630e+00,1.673018781318234005e+00,1.199999999999999956e+00,1.199999999999999956e+00,3.035000000000000142e+01
-2.184113632034944352e+00,1.625140362506305225e+00,1.199999999999999956e+00,1.199999999999999956e+00,3.040000000000000213e+01
-2.173249531166527415e+00,1.577783721564504749e+00,1.199999999999999956e+00,1.199999999999999956e+00,3.045000000000000284e+01
-2.161183410740036059e+00,1.531010294525526838e+00,1.199999999999999956e+00,1.199999999999999956e+00,3.050000000000000000e+01
-2.147911000859862529e+00,1.484881517422055541e+00,1.199999999999999956e+00,1.199999999999999956e+00,3.055000000000000071e+01
-2.133428031630400845e+00,1.439458826286785786e+00,1.199999999999999956e+00,1.199999999999999956e+00,3.060000000000000142e+01
-2.117730233156046804e+00,1.394803657152407173e+00,1.199999999999999956e+00,1.199999999999999956e+00,3.065000000000000213e+01
-2.100813335541192650e+00,1.350977446051611963e+00,1.199999999999999956e+00,1.199999999999999956e+00,3.070000000000000284e+01
-2.082673068890235069e+00,1.308041629017093088e+00,1.199999999999999956e+00,1.199999999999999956e+00,3.075000000000000000e+01
-2.063305163307565415e+00,1.266057642081535928e+00,1.199999999999999956e+00,1.199999999999999956e+00,3.080000000000000071e+01
-2.042705348897578599e+00,1.225086921277634300e+00,1.199999999999999956e+00,1.199999999999999956e+00,3.085000000000000142e+01
-2.020869355764669084e+00,1.185190902638079136e+00,1.199999999999999956e+00,1.199999999999999956e+00,3.090000000000000213e+01
-1.997792919020694669e+00,1.146431011055173643e+00,1.199999999999999956e+00,1.199999999999999956e+00,3.095000000000000284e+01
-1.973479796307324508e+00,1.108850823243758832e+00,1.199999999999999956e+00,1.199999999999999956e+00,3.100000000000000000e+01
-1.947958051329734097e+00,1.072439840839456870e+00,1.199999999999999956e+00,1.199999999999999956e+00,3.105000000000000071e+01
-1.921260333466246806e+00,1.037177363470551450e+00,1.199999999999999956e+00,1.199999999999999956e+00,3.110000000000000142e+01
-1.893419292095185114e+00,1.003042690765323819e+00,1.199999999999999956e+00,1.199999999999999956e+00,3.115000000000000213e+01
-1.864467576594870390e+00,9.700151223520556698e-01,1.199999999999999956e+00,1.199999999999999956e+00,3.120000000000000284e+01
-1.834437836343627115e+00,9.380739578590305827e-01,1.199999999999999956e+00,1.199999999999999956e+00,3.125000000000000000e+01
-1.803362720719773327e+00,9.071984969145253652e-01,1.199999999999999956e+00,1.199999999999999956e+00,3.130000000000000071e+01
-1.771274879101632616e+00,8.773680391468235973e-01,1.199999999999999956e+00,1.199999999999999956e+00,3.135000000000000142e+01
-1.738206960867527018e+00,8.485618841842064164e-01,1.199999999999999956e+00,1.199999999999999956e+00,3.140000000000000213e+01
-1.704191615395779014e+00,8.207593316549555151e-01,1.199999999999999956e+00,1.199999999999999956e+00,3.145000000000000284e+01
-1.669261492064712638e+00,7.939396811873540294e-01,1.199999999999999956e+00,1.199999999999999956e+00,3.150000000000000000e+01
-1.633449240252645041e+00,7.680822324096794329e-01,1.199999999999999956e+00,1.199999999999999956e+00,3.155000000000000071e+01
-1.596787509337900479e+00,7.431662849502151946e-01,1.199999999999999956e+00,1.199999999999999956e+00,3.160000000000000142e+01
-1.559308948698801656e+00,7.191711384372422300e-01,1.199999999999999956e+00,1.199999999999999956e+00,3.165000000000000213e+01
-1.521046207713669718e+00,6.960760924990425647e-01,1.199999999999999956e+00,1.199999999999999956e+00,3.170000000000000284e+01
-1.482031935760830255e+00,6.738604467638984463e-01,1.199999999999999956e+00,1.199999999999999956e+00,3.175000000000000000e+01
-1.442298782218598863e+00,6.525035008600884590e-01,1.199999999999999956e+00,1.199999999999999956e+00,3.180000000000000071e+01
-1.401879396465301131e+00,6.319845544158955164e-01,1.199999999999999956e+00,1.199999999999999956e+00,3.185000000000000142e+01
-1.360806427879258651e+00,6.122829070596007561e-01,1.199999999999999956e+00,1.199999999999999956e+00,3.190000000000000213e+01
-1.319112525838793459e+00,5.933778584194858707e-01,1.199999999999999956e+00,1.199999999999999956e+00,3.195000000000000284e+01
-1.276830339722230256e+00,5.752487081238332189e-01,1.199999999999999956e+00,1.199999999999999956e+00,3.200000000000000000e+01
-1.233992518907882419e+00,5.578747558009204965e-01,1.199999999999999956e+00,1.199999999999999956e+00,3.205000000000000426e+01
-1.190631712774083972e+00,5.412353010790338370e-01,1.199999999999999956e+00,1.199999999999999956e+00,3.210000000000000142e+01
-1.146780570699151180e+00,5.253096435864522684e-01,1.199999999999999956e+00,1.199999999999999956e+00,3.214999999999999858e+01
-1.102471742061399196e+00,5.100770829514549298e-01,1.199999999999999956e+00,1.199999999999999956e+00,3.220000000000000284e+01
-1.057737876239162489e+00,4.955169188023276217e-01,1.199999999999999956e+00,1.199999999999999956e+00,3.225000000000000000e+01
-1.012611622610750883e+00,4.816084507673473736e-01,1.199999999999999956e+00,1.199999999999999956e+00,3.230000000000000426e+01
-9.671256305544992937e-01,4.683309784747996529e-01,1.199999999999999956e+00,1.199999999999999956e+00,3.235000000000000142e+01
-9.213125494487226508e-01,4.556638015529637098e-01,1.199999999999999956e+00,1.199999999999999956e+00,3.239999999999999858e+01
-8.752050286717371064e-01,4.435862196301193494e-01,1.199999999999999956e+00,1.199999999999999956e+00,3.245000000000000284e+01
-8.288357176018772421e-01,4.320775323345512064e-01,1.199999999999999956e+00,1.199999999999999956e+00,3.250000000000000000e+01
-7.822372656174521044e-01,4.211170392945373653e-01,1.199999999999999956e+00,1.199999999999999956e+00,3.255000000000000426e+01
-7.354423220967967190e-01,4.106840401383624051e-01,1.199999999999999956e+00,1.199999999999999956e+00,3.260000000000000142e+01
-6.884835364182265716e-01,4.007578344943059090e-01,1.199999999999999956e+00,1.199999999999999956e+00,3.264999999999999858e+01
-6.413935579600571479e-01,3.913177219906480708e-01,1.199999999999999956e+00,1.199999999999999956e+00,3.270000000000000284e+01
-5.942050361006236958e-01,3.823430022556729702e-01,1.199999999999999956e+00,1.199999999999999956e+00,3.275000000000000000e+01
-5.469506202182348176e-01,3.738129749176593575e-01,1.199999999999999956e+00,1.199999999999999956e+00,3.280000000000000426e+01
-4.996629596912259830e-01,3.657069396048909238e-01,1.199999999999999956e+00,1.199999999999999956e+00,3.285000000000000142e+01
-4.523747038979122892e-01,3.580041959456479739e-01,1.199999999999999956e+00,1.199999999999999956e+00,3.289999999999999858e+01
-4.051185022166092220e-01,3.506840435682106460e-01,1.199999999999999956e+00,1.199999999999999956e+00,3.295000000000000284e+01
-3.579270040256520846e-01,3.437257821008624092e-01,1.199999999999999956e+00,1.199999999999999956e+00,3.300000000000000000e+01
-3.108328587033495904e-01,3.371087111718828466e-01,1.199999999999999956e+00,1.199999999999999956e+00,3.305000000000000426e+01
-2.638687156280370427e-01,3.308121304095549831e-01,1.199999999999999956e+00,1.199999999999999956e+00,3.310000000000000142e+01
-2.170672241780296496e-01,3.248153394421592344e-01,1.199999999999999956e+00,1.199999999999999956e+00,3.314999999999999858e+01
-1.704610337316430080e-01,3.190976378979762385e-01,1.199999999999999956e+00,1.199999999999999956e+00,3.320000000000000284e+01
-1.240827936672122128e-01,3.136383254052889646e-01,1.199999999999999956e+00,1.199999999999999956e+00,3.325000000000000000e+01
-7.796515336304604693e-02,3.084167015923771071e-01,1.199999999999999956e+00,1.199999999999999956e+00,3.330000000000000426e+01
